,DEPT,HCAL,GR,DTCO,DTSM,NPHI,RHOZ,PEFZ,facies,facies_number,Kmeans
0,10674.5,8.6296,35.605,54.964,104.8152,0.0267,2.7333,4.6749,clean,1,2
1,10675.0,8.6296,38.4116,54.964,104.8152,0.0301,2.7411,4.6143,clean,1,2
2,10675.5,8.6183,40.7704,54.964,104.8152,0.0311,2.746,4.5648,clean,1,2
3,10676.0,8.6071,39.778,54.964,104.8152,0.0351,2.7452,4.5498,clean,1,2
4,10676.5,8.6296,40.0496,54.964,104.8152,0.0285,2.7424,4.5537,clean,1,2
5,10677.0,8.6296,41.8295,54.964,104.8152,0.0266,2.7325,4.6018,clean,1,2
6,10677.5,8.6296,45.4387,54.964,104.8152,0.0284,2.7249,4.6333,clean,1,2
7,10678.0,8.6296,51.8293,54.964,104.8152,0.0367,2.7191,4.692,shale,2,2
8,10678.5,8.652,49.5363,54.964,104.8152,0.0313,2.7281,4.7371,clean,1,2
9,10679.0,8.6296,42.3385,54.964,104.8152,0.0234,2.7495,4.7599,clean,1,2
10,10679.5,8.6296,35.6914,54.964,104.8152,0.0207,2.7691,4.7035,clean,1,2
11,10680.0,8.6296,35.422,54.964,104.8152,0.0263,2.7616,4.6907,clean,1,2
12,10680.5,8.6296,40.0031,54.964,104.8152,0.0369,2.7433,4.6779,clean,1,2
13,10681.0,8.6183,40.5484,54.964,104.8152,0.0461,2.7361,4.6492,clean,1,2
14,10681.5,8.6296,46.4611,54.964,104.8152,0.0476,2.7359,4.6098,clean,1,2
15,10682.0,8.652,46.4463,54.964,104.8152,0.0457,2.7285,4.6174,clean,1,2
16,10682.5,8.6408,47.9531,54.964,104.8152,0.0421,2.7211,4.644,clean,1,2
17,10683.0,8.6296,43.8489,54.964,104.8152,0.0412,2.719,4.6638,clean,1,2
18,10683.5,8.6296,44.3614,54.964,104.8152,0.0449,2.7183,4.7269,clean,1,2
19,10684.0,8.6296,43.8483,54.964,104.8152,0.0412,2.7122,4.8391,clean,1,2
20,10684.5,8.6296,44.3614,54.964,104.8152,0.0435,2.7054,4.9263,clean,1,2
21,10685.0,8.6296,47.6925,54.964,104.8152,0.0423,2.6981,4.9259,clean,1,2
22,10685.5,8.6296,46.6664,54.964,104.8152,0.0438,2.6994,4.8304,clean,1,2
23,10686.0,8.6183,53.0571,54.964,104.8152,0.0463,2.7085,4.7386,shale,2,2
24,10686.5,8.6296,50.5108,54.964,104.8152,0.0453,2.7181,4.7446,shale,2,2
25,10687.0,8.6296,45.8936,54.964,104.8152,0.0408,2.7215,4.825,clean,1,2
26,10687.5,8.6296,41.025,54.964,104.8152,0.033,2.7237,4.8634,clean,1,2
27,10688.0,8.6296,42.3076,54.964,104.8152,0.0264,2.7256,4.8135,clean,1,2
28,10688.5,8.6296,48.1904,54.964,104.8152,0.034,2.7288,4.7347,clean,1,2
29,10689.0,8.6296,47.9509,54.964,104.8152,0.0366,2.7244,4.7321,clean,1,2
30,10689.5,8.6408,43.5902,54.964,104.8152,0.0395,2.72,4.7782,clean,1,2
31,10690.0,8.6296,39.4903,54.964,104.8152,0.0341,2.7136,4.8458,clean,1,2
32,10690.5,8.6296,39.0995,54.964,104.8152,0.0285,2.7118,4.872,clean,1,2
33,10691.0,8.6296,43.7167,54.964,104.8152,0.0243,2.7172,4.818,clean,1,2
34,10691.5,8.652,43.2163,54.964,104.8152,0.0266,2.7202,4.7547,clean,1,2
35,10692.0,8.652,42.053,54.964,104.8152,0.0328,2.7197,4.7124,clean,1,2
36,10692.5,8.6296,40.0009,54.964,104.8152,0.0376,2.7231,4.6692,clean,1,2
37,10693.0,8.652,41.9515,55.1464,104.8152,0.0358,2.7246,4.66,clean,1,2
38,10693.5,8.652,38.6204,54.7169,104.8152,0.0267,2.7268,4.7025,clean,1,2
39,10694.0,8.652,34.544,54.4515,104.8152,0.0181,2.7259,4.8037,clean,1,2
40,10694.5,8.652,28.4892,53.5188,104.8152,0.0138,2.7293,4.8614,clean,1,2
41,10695.0,8.6296,27.5989,54.4161,104.8152,0.0149,2.7354,4.8391,clean,1,2
42,10695.5,8.652,29.1102,54.6606,104.8152,0.0174,2.7285,4.8214,clean,1,2
43,10696.0,8.652,34.4919,55.1835,104.8152,0.0216,2.726,4.7735,clean,1,2
44,10696.5,8.6296,37.1759,55.1817,104.8152,0.0225,2.7113,4.8177,clean,1,2
45,10697.0,8.6296,32.8151,55.3196,104.8152,0.0207,2.7036,4.9016,clean,1,2
46,10697.5,8.652,30.5715,55.2485,104.8152,0.0139,2.6944,5.031,clean,1,2
47,10698.0,8.6296,29.8028,55.1281,104.8152,0.0152,2.6963,5.09,clean,1,2
48,10698.5,8.6296,34.6833,55.0042,104.8152,0.0184,2.7035,5.0504,clean,1,2
49,10699.0,8.652,35.3811,54.733,104.8152,0.0206,2.7115,4.9368,clean,1,2
50,10699.5,8.6296,36.1699,54.8103,104.8152,0.0215,2.7145,4.8089,clean,1,2
51,10700.0,8.6296,34.0609,55.1431,104.8152,0.0209,2.7097,4.7492,clean,1,2
52,10700.5,8.6296,35.3037,56.3953,104.8152,0.0229,2.7065,4.7737,clean,1,2
53,10701.0,8.652,35.5871,56.5323,104.8152,0.0206,2.7087,4.8483,clean,1,2
54,10701.5,8.652,34.1031,55.4125,104.8152,0.0181,2.716,4.9121,clean,1,2
55,10702.0,8.6296,32.6078,54.7276,104.8152,0.0179,2.7224,4.9284,clean,1,2
56,10702.5,8.652,30.2543,54.529,104.8152,0.0175,2.7244,4.8938,clean,1,2
57,10703.0,8.6296,35.9434,54.7407,104.8152,0.0201,2.7254,4.8124,clean,1,2
58,10703.5,8.6296,38.0368,54.9328,104.8152,0.0226,2.711,4.7877,clean,1,2
59,10704.0,8.6296,40.9884,55.3864,104.8152,0.0298,2.7118,4.7344,clean,1,2
60,10704.5,8.652,39.7739,55.4621,104.8152,0.0281,2.7297,4.7984,clean,1,2
61,10705.0,8.6745,40.2533,56.3138,104.8152,0.0228,2.7571,4.9188,clean,1,2
62,10705.5,8.6296,40.5523,56.6772,104.8152,0.019,2.7706,5.0672,clean,1,2
63,10706.0,8.6183,42.6457,56.8693,104.8152,0.021,2.7523,5.1164,clean,1,2
64,10706.5,8.6296,43.9789,57.0003,104.8152,0.0251,2.7317,5.027,clean,1,2
65,10707.0,8.6183,44.577,57.1627,104.8152,0.0234,2.7254,4.8707,clean,1,2
66,10707.5,8.6296,43.0817,56.6295,104.8152,0.0285,2.7263,4.7574,clean,1,2
67,10708.0,8.6296,44.3137,56.4599,104.732,0.0265,2.7205,4.7555,clean,1,2
68,10708.5,8.652,42.8184,56.4429,105.2175,0.0294,2.7047,4.8149,clean,1,2
69,10709.0,8.652,46.108,55.5607,105.0347,0.0298,2.697,4.8255,clean,1,2
70,10709.5,8.652,46.3732,56.6526,105.6074,0.0379,2.7073,4.7387,clean,1,2
71,10710.0,8.6296,48.1675,57.0599,105.8649,0.044,2.7147,4.6905,clean,1,2
72,10710.5,8.6296,44.5789,57.3895,105.7219,0.0385,2.7225,4.6709,clean,1,2
73,10711.0,8.6296,40.0729,58.362,105.455,0.0378,2.729,4.6797,clean,1,2
74,10711.5,8.652,42.0927,57.1546,104.9022,0.0301,2.7423,4.6756,clean,1,2
75,10712.0,8.6183,40.2984,56.4583,104.2649,0.0301,2.7386,4.7339,clean,1,2
76,10712.5,8.6296,45.0832,55.2607,103.6855,0.0269,2.7369,4.7306,clean,1,2
77,10713.0,8.6296,43.3812,54.9447,103.35,0.0396,2.7268,4.7126,clean,1,2
78,10713.5,8.652,47.5679,55.2344,103.2476,0.0425,2.7363,4.6032,clean,1,2
79,10714.0,8.652,51.1067,56.3217,103.1184,0.0448,2.7342,4.5842,shale,2,2
80,10714.5,8.6296,48.4118,55.5119,102.333,0.0386,2.7366,4.5767,clean,1,2
81,10715.0,8.652,43.0289,54.8662,101.8223,0.0318,2.7274,4.6791,clean,1,2
82,10715.5,8.6408,38.5929,54.3886,101.2018,0.0257,2.7262,4.7826,clean,1,2
83,10716.0,8.652,43.3625,53.3582,100.4585,0.025,2.7258,4.8492,clean,1,2
84,10716.5,8.6296,44.1397,53.0985,99.9895,0.0303,2.7274,4.8525,clean,1,2
85,10717.0,8.6296,44.7378,53.0853,99.7424,0.0348,2.731,4.8235,clean,1,2
86,10717.5,8.6296,38.4711,53.333,99.4658,0.0262,2.7342,4.8381,clean,1,2
87,10718.0,8.6296,40.3854,53.1595,98.5265,0.0207,2.7328,4.8768,clean,1,2
88,10718.5,8.6296,31.7129,52.9415,98.1425,0.0148,2.7317,4.8722,clean,1,2
89,10719.0,8.6071,30.5032,52.8855,98.503,0.012,2.725,4.8649,clean,1,2
90,10719.5,8.6296,29.3585,52.7662,98.5051,0.0111,2.725,4.8272,clean,1,2
91,10720.0,8.6296,31.7509,53.5101,98.8291,0.0114,2.7209,4.8307,clean,1,2
92,10720.5,8.6071,30.8538,53.5313,98.5248,0.0125,2.7141,4.8555,clean,1,2
93,10721.0,8.6296,26.925,53.2459,98.585,0.0118,2.7072,4.8465,clean,1,2
94,10721.5,8.6296,26.3269,52.8131,98.78,0.0108,2.6995,4.8019,clean,1,2
95,10722.0,8.6296,25.6063,52.4799,98.8728,0.0106,2.6989,4.7163,clean,1,2
96,10722.5,8.6071,24.9978,52.6909,99.2359,0.0102,2.7051,4.6695,clean,1,2
97,10723.0,8.6296,27.3902,52.9174,99.0078,0.0165,2.7092,4.708,clean,1,2
98,10723.5,8.5846,29.307,52.9755,99.4203,0.0168,2.7095,4.789,clean,1,2
99,10724.0,8.6071,28.1108,53.0102,99.8421,0.0174,2.714,4.8276,clean,1,2
100,10724.5,8.6071,23.634,52.6777,100.0097,0.0123,2.7086,4.895,clean,1,2
101,10725.0,8.6071,23.634,52.9475,100.1893,0.0132,2.7054,4.929,clean,1,2
102,10725.5,8.6071,25.2633,53.4299,100.9086,0.016,2.6977,4.9637,clean,1,2
103,10726.0,8.6183,27.3477,54.3549,101.2935,0.0172,2.6976,4.9602,clean,1,2
104,10726.5,8.6296,26.7495,54.5379,101.4763,0.0169,2.7005,4.9664,clean,1,2
105,10727.0,8.6296,29.6061,54.5467,101.9359,0.0135,2.7021,4.9964,clean,1,2
106,10727.5,8.6071,30.596,54.4171,101.6334,0.0122,2.7109,4.9713,clean,1,2
107,10728.0,8.6071,30.596,54.4754,101.8914,0.0132,2.7189,4.9056,clean,1,2
108,10728.5,8.6296,30.2969,54.503,101.7326,0.017,2.726,4.8211,clean,1,2
109,10729.0,8.6071,29.9174,54.6157,101.5376,0.0218,2.7296,4.7794,clean,1,2
110,10729.5,8.6296,36.7956,54.819,101.8163,0.0216,2.7258,4.8324,clean,1,2
111,10730.0,8.6296,39.8815,54.7312,102.1166,0.0217,2.7187,4.9474,clean,1,2
112,10730.5,8.6296,41.0654,55.1568,102.698,0.0177,2.7164,5.024,clean,1,2
113,10731.0,8.6071,35.6824,55.409,102.8217,0.0178,2.7154,5.0386,clean,1,2
114,10731.5,8.6071,34.69,55.3577,102.6505,0.0175,2.7139,5.0092,clean,1,2
115,10732.0,8.6296,36.4843,55.4163,102.8493,0.0199,2.7181,4.9469,clean,1,2
116,10732.5,8.6071,37.396,55.5977,102.7845,0.0219,2.7287,4.88,clean,1,2
117,10733.0,8.6071,40.9846,55.4965,102.3614,0.0201,2.7274,4.8816,clean,1,2
118,10733.5,8.6071,43.2597,55.2574,101.9848,0.0203,2.7253,4.8475,clean,1,2
119,10734.0,8.6071,44.4413,54.8736,102.0646,0.0222,2.7161,4.8215,clean,1,2
120,10734.5,8.6296,40.8527,54.6435,102.4856,0.0268,2.7261,4.6947,clean,1,2
121,10735.0,8.6296,42.7644,54.998,102.7471,0.0297,2.7269,4.6634,clean,1,2
122,10735.5,8.6296,44.577,55.5062,103.6509,0.031,2.7315,4.6447,clean,1,2
123,10736.0,8.6296,48.4647,56.4243,104.1424,0.0299,2.7316,4.6879,clean,1,2
124,10736.5,8.6296,42.9495,56.6918,104.7241,0.0255,2.7278,4.7814,clean,1,2
125,10737.0,8.652,40.5541,57.1526,105.3413,0.0191,2.7237,4.8788,clean,1,2
126,10737.5,8.6296,40.255,57.1738,105.1203,0.0174,2.7213,4.9698,clean,1,2
127,10738.0,8.6296,42.1816,57.0956,105.2052,0.0186,2.7233,5.0211,clean,1,2
128,10738.5,8.652,43.3625,56.9008,105.2383,0.0213,2.7345,5.001,clean,1,2
129,10739.0,8.6296,45.7784,56.531,104.4864,0.0312,2.7361,4.9272,clean,1,2
130,10739.5,8.652,45.9018,56.5082,104.6528,0.0366,2.7331,4.8038,clean,1,2
131,10740.0,8.652,46.8168,56.8046,104.9385,0.0445,2.7268,4.7112,clean,1,2
132,10740.5,8.652,46.4943,57.0577,105.0797,0.0415,2.728,4.6592,clean,1,2
133,10741.0,8.6296,48.4643,57.2934,105.3056,0.0442,2.7243,4.688,clean,1,2
134,10741.5,8.652,50.5397,57.3274,105.7793,0.0406,2.7149,4.7553,shale,2,2
135,10742.0,8.6296,46.353,57.4967,105.5037,0.0366,2.7033,4.83,clean,1,2
136,10742.5,8.6296,44.5759,57.1702,104.7184,0.0371,2.701,4.8473,clean,1,2
137,10743.0,8.6071,41.4524,57.1324,104.2691,0.035,2.7016,4.8396,clean,1,2
138,10743.5,8.6296,45.3629,56.501,103.1559,0.0347,2.7113,4.7704,clean,1,2
139,10744.0,8.6071,46.5419,55.4023,102.4772,0.0365,2.7203,4.7023,clean,1,2
140,10744.5,8.6071,52.6559,55.1141,102.3864,0.0481,2.7282,4.6376,shale,2,2
141,10745.0,8.6296,50.5398,55.1184,102.3423,0.0552,2.7249,4.6436,shale,2,2
142,10745.5,8.6296,50.4649,56.3509,103.0016,0.0487,2.7215,4.652,shale,2,2
143,10746.0,8.6296,48.0725,56.2232,103.8875,0.037,2.7188,4.6854,clean,1,2
144,10746.5,8.6071,41.7924,56.714,104.998,0.0243,2.7199,4.7195,clean,1,2
145,10747.0,8.6071,40.9876,57.5003,105.7376,0.019,2.7186,4.786,clean,1,2
146,10747.5,8.6296,37.698,58.6281,106.1283,0.0173,2.7171,4.7988,clean,1,2
147,10748.0,8.6071,42.1838,59.0521,106.0382,0.0179,2.7175,4.7371,clean,1,2
148,10748.5,8.6296,45.1568,57.376,105.4748,0.0227,2.724,4.6236,clean,1,2
149,10749.0,8.6296,41.9174,56.5802,106.0621,0.0258,2.7216,4.5967,clean,1,2
150,10749.5,8.6071,41.0203,56.8263,106.1752,0.0318,2.7228,4.595,clean,1,2
151,10750.0,8.6071,47.0013,57.6567,106.1021,0.0433,2.7163,4.618,clean,1,2
152,10750.5,8.6296,53.851,59.2432,106.8855,0.0533,2.7151,4.5892,shale,2,2
153,10751.0,8.6296,55.3462,59.4525,106.7334,0.0567,2.7141,4.5918,shale,2,2
154,10751.5,8.6071,43.6832,58.7418,106.3176,0.0416,2.7177,4.6366,clean,1,2
155,10752.0,8.6296,42.7334,57.4615,105.8126,0.0303,2.7221,4.7061,clean,1,2
156,10752.5,8.6071,48.4154,56.356,104.9564,0.0339,2.7209,4.7398,clean,1,2
157,10753.0,8.6296,56.4898,56.3575,105.5185,0.0482,2.7199,4.7086,shale,2,2
158,10753.5,8.6071,57.739,56.7191,105.316,0.0595,2.7227,4.6098,shale,2,2
159,10754.0,8.6183,53.8513,56.9616,104.653,0.0612,2.7164,4.5726,shale,2,2
160,10754.5,8.6183,51.1599,57.2586,105.8133,0.0614,2.72,4.541,shale,2,2
161,10755.0,8.6296,48.1473,57.4289,105.8773,0.0559,2.7172,4.6232,clean,1,2
162,10755.5,8.6296,43.9695,58.4501,105.7608,0.0431,2.7348,4.6619,clean,1,2
163,10756.0,8.6071,40.3809,58.6878,105.5925,0.0326,2.7496,4.6469,clean,1,2
164,10756.5,8.6296,40.979,58.3184,104.8275,0.0349,2.7659,4.5117,clean,1,2
165,10757.0,8.6296,44.8783,57.4197,104.7134,0.04,2.7598,4.4456,clean,1,2
166,10757.5,8.6296,49.9622,56.88,104.3914,0.0376,2.7373,4.5088,clean,1,2
167,10758.0,8.6071,50.5603,57.0092,103.3305,0.0323,2.7138,4.6164,shale,2,2
168,10758.5,8.6296,52.3341,57.1209,103.093,0.0391,2.715,4.5703,shale,2,2
169,10759.0,8.6071,49.9957,56.9781,104.2006,0.0483,2.7149,4.52,clean,1,2
170,10759.5,8.6296,48.7995,57.0847,104.7115,0.0511,2.7113,4.5097,clean,1,2
171,10760.0,8.6071,49.0985,56.9237,104.8371,0.0417,2.6988,4.5834,clean,1,2
172,10760.5,8.6296,47.5671,56.6351,104.1127,0.038,2.6904,4.6512,clean,1,2
173,10761.0,8.6296,46.969,56.9274,104.2407,0.038,2.6954,4.6427,clean,1,2
174,10761.5,8.652,39.1937,57.4408,104.7623,0.0384,2.6907,4.6591,clean,1,2
175,10762.0,8.652,38.4164,58.4419,104.1411,0.0381,2.6866,4.6583,clean,1,2
176,10762.5,8.6296,38.4164,58.5091,104.0248,0.0287,2.6913,4.6258,clean,1,2
177,10763.0,8.6296,41.407,57.5402,103.3478,0.0303,2.7004,4.5655,clean,1,2
178,10763.5,8.652,39.1899,56.6026,103.0713,0.0282,2.7049,4.5137,clean,1,2
179,10764.0,8.652,38.2928,56.7527,103.24,0.0287,2.6938,4.5264,clean,1,2
180,10764.5,8.6296,37.9937,56.9328,102.0985,0.0321,2.6844,4.515,clean,1,2
181,10765.0,8.6296,44.828,56.5642,100.6897,0.0411,2.6839,4.4683,clean,1,2
182,10765.5,8.652,46.3233,55.6198,100.0082,0.0434,2.6806,4.4465,clean,1,2
183,10766.0,8.6296,47.8185,54.6509,99.843,0.0401,2.6738,4.4806,clean,1,2
184,10766.5,8.6296,43.9606,54.9937,100.189,0.0286,2.6728,4.4957,clean,1,2
185,10767.0,8.6745,40.0863,56.5283,100.425,0.0275,2.6777,4.4787,clean,1,2
186,10767.5,8.652,38.8901,56.5815,99.7516,0.0305,2.6925,4.4151,clean,1,2
187,10768.0,8.652,38.292,56.4432,99.0109,0.0284,2.7057,4.3889,clean,1,2
188,10768.5,8.652,38.5776,54.6778,98.8762,0.0272,2.7145,4.3964,clean,1,2
189,10769.0,8.652,34.1034,54.3581,97.7055,0.0156,2.7046,4.4423,clean,1,2
190,10769.5,8.6745,30.5966,53.4333,96.4087,0.0154,2.6953,4.3979,clean,1,2
191,10770.0,8.6296,35.0824,53.0704,95.1818,0.0177,2.6742,4.383,clean,1,2
192,10770.5,8.6745,37.1784,53.0173,96.6655,0.0223,2.6688,4.3667,clean,1,2
193,10771.0,8.652,34.7041,53.2602,97.5696,0.0184,2.6667,4.4162,clean,1,2
194,10771.5,8.6296,27.8259,54.4548,97.9546,0.0134,2.6884,4.3715,clean,1,2
195,10772.0,8.652,23.326,54.4614,98.7198,0.0107,2.6985,4.323,clean,1,2
196,10772.5,8.652,22.4765,54.5102,100.2147,0.0114,2.7001,4.2852,clean,1,2
197,10773.0,8.6745,20.084,54.744,101.5106,0.0095,2.7,4.2717,clean,1,2
198,10773.5,8.6745,21.8892,55.2388,102.2364,0.009,2.6963,4.3081,clean,1,2
199,10774.0,8.6745,24.533,56.6003,102.3323,0.0082,2.6959,4.3361,clean,1,2
200,10774.5,8.6745,29.0188,56.5697,100.8289,0.0132,2.6777,4.4529,clean,1,2
201,10775.0,8.6745,31.4004,54.725,99.8671,0.0152,2.677,4.5118,clean,1,2
202,10775.5,8.652,31.1013,52.6034,100.3027,0.0186,2.6764,4.6146,clean,1,2
203,10776.0,8.652,31.1148,52.5099,100.7657,0.0176,2.6843,4.6967,clean,1,2
204,10776.5,8.652,29.6195,54.405,100.432,0.0206,2.6885,4.7781,clean,1,2
205,10777.0,8.652,32.9091,55.4462,100.7584,0.0238,2.7016,4.7489,clean,1,2
206,10777.5,8.652,40.9701,56.3338,101.1678,0.0395,2.7147,4.7157,clean,1,2
207,10778.0,8.6745,42.7786,54.8434,101.8998,0.0328,2.7262,4.7809,clean,1,2
208,10778.5,8.6745,38.1618,54.7211,102.1526,0.0201,2.7295,4.9724,clean,1,2
209,10779.0,8.6296,25.9088,54.9821,101.4137,0.006,2.7362,5.0439,clean,1,2
210,10779.5,8.6296,25.8946,55.3467,102.0146,0.0068,2.7356,4.9617,clean,1,2
211,10780.0,8.652,33.2029,55.7104,102.7815,0.013,2.7285,4.8108,clean,1,2
212,10780.5,8.6745,36.4843,56.4354,102.9658,0.019,2.7175,4.7473,clean,1,2
213,10781.0,8.6745,39.485,56.5078,102.8904,0.019,2.7155,4.7181,clean,1,2
214,10781.5,8.6745,34.1021,56.5083,103.0756,0.0177,2.7089,4.7096,clean,1,2
215,10782.0,8.6745,34.4011,56.3905,102.6408,0.0205,2.7029,4.6995,clean,1,2
216,10782.5,8.6633,35.3071,56.4137,102.666,0.0221,2.7102,4.6539,clean,1,2
217,10783.0,8.6745,36.5033,56.5323,103.3015,0.0221,2.7298,4.6321,clean,1,2
218,10783.5,8.652,40.69,56.5697,103.7172,0.0253,2.7348,4.6627,clean,1,2
219,10784.0,8.6745,39.4748,56.7819,104.2691,0.0285,2.7192,4.7643,clean,1,2
220,10784.5,8.652,42.1834,56.9416,104.5677,0.0317,2.7078,4.776,clean,1,2
221,10785.0,8.652,40.3891,56.6969,104.755,0.0264,2.7129,4.7119,clean,1,2
222,10785.5,8.652,39.791,56.8064,105.4081,0.0313,2.722,4.6352,clean,1,2
223,10786.0,8.6745,41.1517,57.1334,106.1551,0.0322,2.7194,4.629,clean,1,2
224,10786.5,8.6745,42.647,58.3714,106.4821,0.0356,2.7214,4.6034,clean,1,2
225,10787.0,8.6745,43.8432,58.848,106.7583,0.0317,2.7215,4.583,clean,1,2
226,10787.5,8.697,45.4559,59.2335,106.9589,0.0279,2.7305,4.5308,clean,1,2
227,10788.0,8.6745,44.2757,59.0799,106.6889,0.0244,2.7376,4.5206,clean,1,2
228,10788.5,8.6745,43.3785,58.6894,107.1441,0.0228,2.751,4.504,clean,1,2
229,10789.0,8.697,35.3041,58.6653,107.2184,0.0237,2.764,4.4962,clean,1,2
230,10789.5,8.697,34.989,59.2915,107.1541,0.0332,2.7505,4.5284,clean,1,2
231,10790.0,8.6858,37.4016,59.2857,108.8231,0.0447,2.7329,4.5098,clean,1,2
232,10790.5,8.6745,46.9713,60.3125,109.2969,0.0592,2.7154,4.481,clean,1,2
233,10791.0,8.6745,52.0552,59.6377,107.1448,0.0687,2.7291,4.4121,shale,2,2
234,10791.5,8.652,52.8161,59.0001,106.5686,0.0714,2.7336,4.4863,shale,2,2
235,10792.0,8.652,50.4236,58.5332,105.715,0.065,2.7324,4.6031,shale,2,2
236,10792.5,8.652,50.4236,57.5529,104.3154,0.0609,2.7203,4.7115,shale,2,2
237,10793.0,8.6745,51.736,57.3359,103.7181,0.0628,2.7176,4.6882,shale,2,2
238,10793.5,8.6745,54.4506,56.9676,102.9542,0.0637,2.7129,4.5999,shale,2,2
239,10794.0,8.6745,58.0392,56.9687,102.654,0.0595,2.7129,4.4538,shale,2,2
240,10794.5,8.6745,59.2354,56.5994,102.5045,0.0514,2.7063,4.3761,shale,2,2
241,10795.0,8.697,56.3183,56.4692,101.8531,0.0463,2.704,4.3509,shale,2,2
242,10795.5,8.6745,51.5335,56.664,101.9446,0.0396,2.6987,4.4026,shale,2,2
243,10796.0,8.6745,45.0206,56.7736,101.6578,0.0303,2.7015,4.4061,clean,1,2
244,10796.5,8.6745,42.712,56.9035,101.298,0.0274,2.712,4.3376,clean,1,2
245,10797.0,8.6745,35.8338,56.5089,101.0386,0.0232,2.7124,4.2973,clean,1,2
246,10797.5,8.6745,31.8798,56.3964,100.9237,0.0225,2.7092,4.2833,clean,1,2
247,10798.0,8.6296,33.1947,56.3902,100.8602,0.0249,2.6923,4.3644,clean,1,2
248,10798.5,8.6296,38.8957,55.6886,100.9975,0.0278,2.6857,4.4272,clean,1,2
249,10799.0,8.6296,42.1853,56.4413,101.543,0.0371,2.6854,4.4597,clean,1,2
250,10799.5,8.6296,42.7834,56.842,102.2105,0.0396,2.68,4.4755,clean,1,2
251,10800.0,8.652,37.3814,58.3145,102.5938,0.0406,2.6842,4.3955,clean,1,2
252,10800.5,8.6296,35.6373,58.4596,102.7232,0.0397,2.6885,4.3261,clean,1,2
253,10801.0,8.6296,32.0487,57.524,102.2115,0.032,2.6982,4.3006,clean,1,2
254,10801.5,8.6296,31.4506,57.2909,102.6883,0.0321,2.6937,4.4126,clean,1,2
255,10802.0,8.652,32.3117,57.0744,102.8644,0.0229,2.6841,4.5634,clean,1,2
256,10802.5,8.652,36.4985,57.3286,102.5223,0.0247,2.6866,4.6089,clean,1,2
257,10803.0,8.6296,42.4795,57.4069,102.9556,0.0284,2.6996,4.5229,clean,1,2
258,10803.5,8.652,46.353,57.1094,104.074,0.0386,2.7003,4.4382,clean,1,2
259,10804.0,8.6296,43.678,58.3596,105.8626,0.0435,2.6922,4.3992,clean,1,2
260,10804.5,8.6296,38.6759,59.1305,106.7684,0.0403,2.6918,4.3721,clean,1,2
261,10805.0,8.6071,33.8364,60.4069,108.6032,0.0323,2.6935,4.3761,clean,1,2
262,10805.5,8.6296,35.2829,61.2062,110.9324,0.0297,2.69,4.418,clean,1,2
263,10806.0,8.6071,36.9954,61.0071,110.4037,0.0297,2.6862,4.452,clean,1,2
264,10806.5,8.652,39.1434,60.9725,110.9532,0.0397,2.6944,4.4687,clean,1,2
265,10807.0,8.652,40.671,60.9039,110.4681,0.0401,2.7036,4.5024,clean,1,2
266,10807.5,8.6296,43.9796,60.4997,107.5373,0.0511,2.7004,4.5724,clean,1,2
267,10808.0,8.652,49.6616,60.4591,109.0263,0.0569,2.6934,4.5702,clean,1,2
268,10808.5,8.652,49.0635,60.4704,108.7818,0.0628,2.6882,4.5172,clean,1,2
269,10809.0,8.652,55.5964,60.5192,107.2212,0.0574,2.685,4.4636,shale,2,2
270,10809.5,8.6296,53.8021,60.4808,107.3439,0.057,2.6903,4.389,shale,2,2
271,10810.0,8.6296,54.1012,60.2338,107.2531,0.0625,2.6948,4.325,shale,2,2
272,10810.5,8.6296,53.5303,59.6626,107.0156,0.0679,2.6947,4.3449,shale,2,2
273,10811.0,8.652,52.0537,60.3173,106.5785,0.0642,2.6932,4.4271,shale,2,2
274,10811.5,8.652,55.3432,60.2253,105.3868,0.0603,2.7111,4.4021,shale,2,2
275,10812.0,8.652,51.7546,58.9895,103.9691,0.0629,2.7241,4.322,shale,2,2
276,10812.5,8.652,53.5303,57.2614,103.2569,0.0627,2.7195,4.2826,shale,2,2
277,10813.0,8.652,51.0643,56.4691,103.1488,0.0602,2.6971,4.3502,shale,2,2
278,10813.5,8.6296,49.569,56.4883,102.796,0.0583,2.6851,4.3844,clean,1,2
279,10814.0,8.652,48.3922,57.1038,102.6246,0.0616,2.6831,4.3722,clean,1,2
280,10814.5,8.6296,47.8677,57.4951,102.43,0.0647,2.6813,4.3782,clean,1,2
281,10815.0,8.6296,46.0734,57.5238,102.8179,0.0592,2.6715,4.4852,clean,1,2
282,10815.5,8.6296,41.5333,57.3253,102.8307,0.044,2.6715,4.6021,clean,1,2
283,10816.0,8.652,38.2437,57.0561,102.0544,0.0341,2.6812,4.6716,clean,1,2
284,10816.5,8.652,39.4399,56.7756,101.6753,0.03,2.6987,4.6351,clean,1,2
285,10817.0,8.6296,45.6439,56.4681,101.6335,0.0344,2.7057,4.5721,clean,1,2
286,10817.5,8.6296,44.3277,56.3205,101.6592,0.0361,2.7006,4.5126,clean,1,2
287,10818.0,8.6296,41.3372,56.4447,101.9,0.0381,2.6884,4.5033,clean,1,2
288,10818.5,8.652,39.6539,56.3349,101.8119,0.0401,2.6887,4.4852,clean,1,2
289,10819.0,8.6296,41.5681,56.3067,102.0061,0.0439,2.692,4.4933,clean,1,2
290,10819.5,8.6296,42.7815,56.2501,102.8818,0.0381,2.6972,4.5191,clean,1,2
291,10820.0,8.652,39.5303,56.37,103.407,0.0307,2.6911,4.638,clean,1,2
292,10820.5,8.652,38.6331,56.9176,104.4819,0.027,2.7063,4.6948,clean,1,2
293,10821.0,8.6296,37.136,58.2822,105.361,0.0295,2.7156,4.7478,clean,1,2
294,10821.5,8.6296,35.6024,58.2963,104.945,0.0295,2.7241,4.7037,clean,1,2
295,10822.0,8.6296,34.7052,56.643,104.921,0.026,2.7127,4.7066,clean,1,2
296,10822.5,8.6296,31.4004,56.487,105.6053,0.0228,2.7038,4.7341,clean,1,2
297,10823.0,8.6296,34.7075,56.5341,105.1983,0.0249,2.7005,4.7771,clean,1,2
298,10823.5,8.652,37.3938,56.7295,104.7976,0.0302,2.6982,4.7926,clean,1,2
299,10824.0,8.652,43.0941,57.6166,105.6872,0.0353,2.6978,4.7506,clean,1,2
300,10824.5,8.652,44.2728,57.2669,105.4302,0.0415,2.6934,4.7352,clean,1,2
301,10825.0,8.652,43.0817,58.3357,105.8661,0.0397,2.705,4.7011,clean,1,2
302,10825.5,8.6296,42.7643,58.3497,106.1349,0.0319,2.717,4.7038,clean,1,2
303,10826.0,8.6071,37.6805,57.4108,105.7391,0.0233,2.7288,4.6617,clean,1,2
304,10826.5,8.6296,40.9906,58.4577,106.6012,0.0255,2.7162,4.6613,clean,1,2
305,10827.0,8.6296,39.1918,57.6131,105.6116,0.031,2.7019,4.6611,clean,1,2
306,10827.5,8.6296,40.1028,56.9798,104.5427,0.0406,2.6966,4.6648,clean,1,2
307,10828.0,8.652,35.8955,56.5065,104.8412,0.0422,2.6985,4.6717,clean,1,2
308,10828.5,8.6296,40.0867,55.2542,103.6447,0.0464,2.7036,4.6587,clean,1,2
309,10829.0,8.652,42.3466,55.6663,103.8169,0.0472,2.7019,4.6897,clean,1,2
310,10829.5,8.6296,44.7391,56.3122,103.8769,0.0453,2.7095,4.6841,clean,1,2
311,10830.0,8.652,45.9353,56.3638,104.0562,0.0488,2.719,4.665,clean,1,2
312,10830.5,8.6296,43.6615,56.5418,104.9899,0.0459,2.7276,4.6391,clean,1,2
313,10831.0,8.6296,43.6798,56.7793,105.1706,0.0384,2.7201,4.7201,clean,1,2
314,10831.5,8.6296,35.4738,57.0363,105.2983,0.0311,2.7183,4.796,clean,1,2
315,10832.0,8.6296,39.3801,57.2923,105.8131,0.0256,2.7105,4.9012,clean,1,2
316,10832.5,8.652,40.259,57.4331,105.7179,0.0311,2.7073,4.9541,clean,1,2
317,10833.0,8.6296,43.0821,57.4883,105.3773,0.031,2.7034,4.9707,clean,1,2
318,10833.5,8.652,41.2691,57.4541,105.039,0.0382,2.7054,4.946,clean,1,2
319,10834.0,8.6296,39.4748,57.23,104.6618,0.0425,2.7099,4.8912,clean,1,2
320,10834.5,8.6296,41.5358,56.7485,103.2032,0.0462,2.7089,4.8609,clean,1,2
321,10835.0,8.6296,43.9283,55.1242,101.7297,0.0502,2.7057,4.8312,clean,1,2
322,10835.5,8.6296,46.0414,53.6004,101.7543,0.0474,2.7034,4.8104,clean,1,2
323,10836.0,8.6296,43.9803,53.6716,102.5922,0.0452,2.7019,4.8229,clean,1,2
324,10836.5,8.6408,46.6718,54.8288,102.1437,0.042,2.6958,4.9085,clean,1,2
325,10837.0,8.6408,45.167,55.6709,101.531,0.0442,2.6864,5.0397,clean,1,2
326,10837.5,8.6408,49.9519,54.8194,100.315,0.0466,2.6873,5.0973,clean,1,2
327,10838.0,8.6296,42.7746,53.0426,101.6002,0.0404,2.6944,5.171,clean,1,2
328,10838.5,8.652,37.3814,54.2985,103.1265,0.0252,2.7255,5.2144,clean,1,2
329,10839.0,8.6296,32.9117,56.2849,103.1893,0.0148,2.7624,5.3315,clean,1,2
330,10839.5,8.652,38.7585,57.0532,103.2307,0.0149,2.7876,5.2545,clean,1,2
331,10840.0,8.6296,45.6565,57.1062,104.581,0.0207,2.7721,5.1572,clean,1,2
332,10840.5,8.6408,43.2481,56.7869,104.8245,0.0269,2.7417,5.1377,clean,1,2
333,10841.0,8.6408,32.9154,56.8193,105.1111,0.0174,2.7384,5.2671,clean,1,2
334,10841.5,8.652,25.2543,57.3712,105.4497,0.0128,2.7657,5.3306,clean,1,2
335,10842.0,8.652,30.9363,58.2452,106.3346,0.0217,2.7769,5.1802,clean,1,2
336,10842.5,8.652,40.2069,58.2405,107.1271,0.0415,2.7584,4.9801,clean,1,2
337,10843.0,8.6296,47.8482,58.3712,107.8282,0.0513,2.7253,4.8918,clean,1,2
338,10843.5,8.6296,45.473,58.8221,109.0027,0.0441,2.7191,4.8581,clean,1,2
339,10844.0,8.652,49.0616,59.0742,109.465,0.0432,2.7269,4.8229,clean,1,2
340,10844.5,8.6296,51.1486,59.1346,110.6322,0.0493,2.7281,4.7996,shale,2,2
341,10845.0,8.6071,53.544,59.1145,111.3615,0.0456,2.7187,4.8335,shale,2,2
342,10845.5,8.652,47.862,60.3366,112.0438,0.0446,2.711,4.8539,clean,1,2
343,10846.0,8.6296,48.1675,60.9411,112.7258,0.0478,2.7241,4.7495,clean,1,2
344,10846.5,8.6408,49.1849,61.6189,112.9967,0.0508,2.7341,4.6476,clean,1,2
345,10847.0,8.6071,56.9602,62.4531,113.1397,0.0516,2.7483,4.5318,shale,2,2
346,10847.5,8.6296,60.2498,62.1396,112.7642,0.052,2.7357,4.579,shale,2,2
347,10848.0,8.6296,60.7075,62.3126,111.9917,0.0574,2.7268,4.6091,shale,2,2
348,10848.5,8.6296,55.3361,60.7872,110.4713,0.0642,2.7285,4.5753,shale,2,2
349,10849.0,8.6296,59.5228,58.7964,106.9903,0.0703,2.7432,4.4919,shale,2,2
350,10849.5,8.652,67.3299,57.1751,105.9386,0.079,2.7547,4.4354,shale,2,2
351,10850.0,8.6296,72.7013,56.4388,105.5154,0.0813,2.74,4.5224,shale,2,0
352,10850.5,8.652,69.1127,56.843,106.272,0.0886,2.7303,4.5335,shale,2,2
353,10851.0,8.6296,69.8259,58.495,106.4123,0.0833,2.7206,4.5032,shale,2,2
354,10851.5,8.6296,64.742,58.6428,106.0118,0.0867,2.7156,4.4721,shale,2,2
355,10852.0,8.6296,62.0505,58.8,106.9553,0.0694,2.707,4.5602,shale,2,2
356,10852.5,8.6296,51.1378,58.3657,106.8426,0.0606,2.7028,4.7242,shale,2,2
357,10853.0,8.6296,50.8503,58.5192,106.8935,0.0408,2.7051,4.8708,shale,2,2
358,10853.5,8.652,44.5702,59.3889,107.2864,0.0325,2.7122,4.8966,clean,1,2
359,10854.0,8.6296,47.2841,59.1947,106.3045,0.036,2.7124,4.8597,clean,1,2
360,10854.5,8.6296,50.8612,59.2751,106.6785,0.0561,2.7079,4.8032,shale,2,2
361,10855.0,8.6296,55.1272,58.7751,106.6292,0.059,2.699,4.7956,shale,2,2
362,10855.5,8.6296,49.4381,58.4154,105.6425,0.0594,2.7005,4.734,clean,1,2
363,10856.0,8.652,45.8494,57.7028,105.3878,0.0459,2.7033,4.6377,clean,1,2
364,10856.5,8.6296,48.1626,57.0744,104.9533,0.06,2.7022,4.5585,clean,1,2
365,10857.0,8.6296,53.0726,56.924,104.5904,0.06,2.697,4.5399,shale,2,2
366,10857.5,8.652,57.2593,57.1118,105.2912,0.0669,2.698,4.5431,shale,2,2
367,10858.0,8.652,56.9602,57.6327,105.8837,0.0599,2.7051,4.5329,shale,2,2
368,10858.5,8.652,55.9227,58.8005,106.59,0.0601,2.713,4.5365,shale,2,2
369,10859.0,8.652,47.8997,59.3396,106.7363,0.051,2.7246,4.5219,clean,1,2
370,10859.5,8.6296,46.4045,59.1193,106.4341,0.0435,2.7288,4.5196,clean,1,2
371,10860.0,8.6296,43.7298,58.569,106.4497,0.0381,2.7447,4.4313,clean,1,2
372,10860.5,8.6296,47.5602,58.4604,105.7384,0.0356,2.7539,4.3449,clean,1,2
373,10861.0,8.6296,48.7565,58.4527,105.0023,0.0387,2.759,4.2601,clean,1,2
374,10861.5,8.6296,51.7507,57.6586,103.7125,0.0494,2.7357,4.3155,shale,2,2
375,10862.0,8.6296,55.046,56.5938,102.912,0.0622,2.709,4.4087,shale,2,2
376,10862.5,8.652,56.8404,55.517,102.5389,0.0682,2.6964,4.4901,shale,2,2
377,10863.0,8.6296,55.7627,55.2422,102.1801,0.0634,2.7103,4.5093,shale,2,2
378,10863.5,8.6071,55.1646,56.3271,101.6855,0.0555,2.731,4.5328,shale,2,2
379,10864.0,8.6296,50.6788,56.2725,101.2485,0.051,2.7501,4.5116,shale,2,2
380,10864.5,8.6296,56.5208,55.0247,101.3207,0.051,2.7464,4.5046,shale,2,2
381,10865.0,8.6296,48.7105,54.9785,102.1467,0.0419,2.7284,4.5694,clean,1,2
382,10865.5,8.6296,43.0285,55.007,102.2284,0.0372,2.7177,4.6424,clean,1,2
383,10866.0,8.652,35.27,56.3889,102.5283,0.024,2.7149,4.732,clean,1,2
384,10866.5,8.652,37.3081,56.4909,102.8472,0.0237,2.7219,4.7381,clean,1,2
385,10867.0,8.652,40.5977,56.5197,103.3541,0.0228,2.715,4.8018,clean,1,2
386,10867.5,8.652,40.2983,56.7969,103.8145,0.026,2.7105,4.8595,clean,1,2
387,10868.0,8.6296,39.7902,57.0405,103.6692,0.0227,2.7126,4.8783,clean,1,2
388,10868.5,8.6296,37.9959,56.878,102.7058,0.0219,2.7196,4.8434,clean,1,2
389,10869.0,8.652,36.6208,56.4684,102.0004,0.0211,2.7186,4.813,clean,1,2
390,10869.5,8.6296,39.6113,54.9085,101.8928,0.0314,2.7086,4.8308,clean,1,2
391,10870.0,8.6296,42.3028,54.6241,101.9682,0.0343,2.7058,4.8227,clean,1,2
392,10870.5,8.652,48.4591,55.4312,102.9765,0.0341,2.7161,4.748,clean,1,2
393,10871.0,8.6296,52.6459,56.5259,103.2491,0.0303,2.7125,4.734,shale,2,2
394,10871.5,8.652,53.8421,57.4431,104.0706,0.0312,2.7134,4.7009,shale,2,2
395,10872.0,8.652,49.7379,58.4672,105.4776,0.0318,2.7,4.7944,clean,1,2
396,10872.5,8.652,41.6634,58.2865,104.9681,0.0246,2.706,4.8405,clean,1,2
397,10873.0,8.6296,38.3739,58.3409,105.2666,0.0181,2.7178,4.8531,clean,1,2
398,10873.5,8.652,37.9963,57.6167,104.9239,0.0171,2.7261,4.816,clean,1,2
399,10874.0,8.6296,44.7825,57.106,104.0887,0.0254,2.7294,4.7263,clean,1,2
400,10874.5,8.652,49.2899,57.2052,104.0338,0.0343,2.7263,4.6533,clean,1,2
401,10875.0,8.652,49.2731,56.6465,103.4884,0.0419,2.7296,4.5612,clean,1,2
402,10875.5,8.6745,49.9633,56.5311,103.2355,0.0488,2.7263,4.532,clean,1,2
403,10876.0,8.652,48.5004,56.4651,103.4751,0.0492,2.7099,4.5957,clean,1,2
404,10876.5,8.652,53.2852,56.5533,103.5215,0.0489,2.7059,4.6315,shale,2,2
405,10877.0,8.652,47.9023,56.846,103.6627,0.042,2.7205,4.5886,clean,1,2
406,10877.5,8.6296,46.8762,56.8166,103.709,0.0411,2.7362,4.5602,clean,1,2
407,10878.0,8.6296,40.2971,56.723,104.0599,0.0374,2.7451,4.5527,clean,1,2
408,10878.5,8.652,43.8857,56.633,104.4428,0.0378,2.7339,4.6326,clean,1,2
409,10879.0,8.652,43.8857,56.8079,104.5749,0.0423,2.7184,4.6956,clean,1,2
410,10879.5,8.6408,46.8762,57.2941,104.571,0.044,2.7064,4.7241,clean,1,2
411,10880.0,8.652,44.4838,57.5954,104.8595,0.0374,2.7079,4.6958,clean,1,2
412,10880.5,8.652,46.5359,58.3114,105.2142,0.0355,2.7075,4.7065,clean,1,2
413,10881.0,8.652,44.4426,58.3476,105.1837,0.0358,2.7033,4.752,clean,1,2
414,10881.5,8.652,46.5359,57.4554,104.7387,0.0394,2.7041,4.7593,clean,1,2
415,10882.0,8.6296,45.4756,57.098,104.6942,0.0378,2.711,4.7083,clean,1,2
416,10882.5,8.652,47.7773,56.9814,105.0145,0.0404,2.7135,4.6889,clean,1,2
417,10883.0,8.6296,48.6968,57.1473,104.9943,0.046,2.71,4.7255,clean,1,2
418,10883.5,8.652,48.378,56.96,104.8937,0.0415,2.7058,4.7813,clean,1,2
419,10884.0,8.652,47.6093,57.0793,104.8742,0.0442,2.7112,4.7668,clean,1,2
420,10884.5,8.6745,49.7053,56.52,105.0125,0.0427,2.7127,4.7624,clean,1,2
421,10885.0,8.652,46.7103,56.5753,105.3805,0.0469,2.7185,4.762,clean,1,2
422,10885.5,8.652,46.9716,56.9926,105.693,0.0412,2.7219,4.8018,clean,1,2
423,10886.0,8.6296,41.8814,57.0206,105.4469,0.0388,2.7244,4.819,clean,1,2
424,10886.5,8.652,45.7735,57.1373,105.9219,0.0392,2.7182,4.8306,clean,1,2
425,10887.0,8.6296,46.8098,57.0056,105.6182,0.0399,2.7077,4.8371,clean,1,2
426,10887.5,8.6296,45.2959,56.9028,105.8382,0.0369,2.7028,4.8345,clean,1,2
427,10888.0,8.652,46.4921,57.0216,106.16,0.0381,2.7061,4.8124,clean,1,2
428,10888.5,8.652,46.2356,57.1059,106.2817,0.0459,2.7077,4.8033,clean,1,2
429,10889.0,8.652,49.8242,57.2703,106.5855,0.0482,2.7091,4.8017,clean,1,2
430,10889.5,8.6745,46.8337,58.3108,106.5069,0.0455,2.7078,4.8102,clean,1,2
431,10890.0,8.6745,47.8597,57.4409,105.7231,0.0406,2.707,4.8184,clean,1,2
432,10890.5,8.652,49.6541,57.6049,104.2848,0.0438,2.7025,4.8467,clean,1,2
433,10891.0,8.697,54.1399,56.5007,103.2058,0.0489,2.6997,4.8945,shale,2,2
434,10891.5,8.6745,51.5747,54.5714,102.7755,0.0498,2.6997,4.944,shale,2,2
435,10892.0,8.6745,48.2851,54.5434,103.8175,0.0469,2.7065,4.9313,clean,1,2
436,10892.5,8.652,47.388,54.9958,103.7772,0.0454,2.7091,4.8942,clean,1,2
437,10893.0,8.652,52.3572,56.3612,103.6839,0.048,2.7099,4.8591,shale,2,2
438,10893.5,8.6296,52.6933,56.6338,104.1349,0.0505,2.7054,4.8896,shale,2,2
439,10894.0,8.652,53.5904,56.4503,104.4552,0.0507,2.7135,5.0019,shale,2,2
440,10894.5,8.6745,42.978,56.4898,105.0216,0.0374,2.7315,5.2166,clean,1,2
441,10895.0,8.6745,38.1561,56.642,105.2765,0.0199,2.7583,5.3521,clean,1,2
442,10895.5,8.6296,34.5868,56.6339,104.9359,0.0128,2.7738,5.2775,clean,1,2
443,10896.0,8.652,41.5875,56.6387,105.0479,0.0175,2.7806,5.0017,clean,1,2
444,10896.5,8.6296,46.4095,56.5065,105.3061,0.0326,2.7638,4.816,clean,1,2
445,10897.0,8.6296,44.014,56.4323,105.1659,0.0404,2.7379,4.8251,clean,1,2
446,10897.5,8.6296,43.715,56.5292,105.2021,0.0396,2.7166,4.8879,clean,1,2
447,10898.0,8.6296,47.3232,56.8139,105.3514,0.0322,2.7098,4.9167,clean,1,2
448,10898.5,8.652,50.5963,57.0434,105.2415,0.0315,2.7229,4.8294,shale,2,2
449,10899.0,8.6408,51.8296,56.9894,105.3558,0.031,2.7331,4.7621,shale,2,2
450,10899.5,8.6296,50.0007,56.7754,105.2767,0.0375,2.7483,4.6773,shale,2,2
451,10900.0,8.6296,47.9073,56.8124,105.4556,0.039,2.7576,4.6544,clean,1,2
452,10900.5,8.6408,46.6261,56.8972,105.3833,0.0382,2.7521,4.7037,clean,1,2
453,10901.0,8.652,43.9313,57.0664,105.4644,0.0432,2.7406,4.7787,clean,1,2
454,10901.5,8.652,47.5199,56.995,105.6886,0.0443,2.7223,4.8566,clean,1,2
455,10902.0,8.6745,46.253,56.8759,105.6272,0.0471,2.7181,4.8456,clean,1,2
456,10902.5,8.6296,47.4305,56.6034,105.5251,0.0402,2.7139,4.8081,clean,1,2
457,10903.0,8.6296,45.6305,56.6109,105.6705,0.045,2.7123,4.7555,clean,1,2
458,10903.5,8.6296,48.7602,56.7624,105.5408,0.0503,2.7114,4.7448,clean,1,2
459,10904.0,8.6408,48.1621,57.0261,105.5999,0.0542,2.7084,4.7887,clean,1,2
460,10904.5,8.6296,45.7754,57.0575,105.7133,0.0495,2.7059,4.8309,clean,1,2
461,10905.0,8.652,48.5455,56.9873,105.7065,0.0441,2.7105,4.8218,clean,1,2
462,10905.5,8.652,46.1531,57.1184,105.5066,0.041,2.726,4.7595,clean,1,2
463,10906.0,8.652,44.9658,57.4378,105.3017,0.0431,2.7434,4.695,clean,1,2
464,10906.5,8.652,36.7922,57.0376,105.1036,0.0414,2.7383,4.7253,clean,1,2
465,10907.0,8.652,38.8856,57.0532,105.4324,0.0413,2.7238,4.7634,clean,1,2
466,10907.5,8.652,44.2724,56.9826,105.2965,0.0387,2.7092,4.8012,clean,1,2
467,10908.0,8.652,53.543,56.7915,105.251,0.0414,2.7131,4.7769,shale,2,2
468,10908.5,8.652,56.8326,57.0947,105.3888,0.0433,2.7237,4.7528,shale,2,2
469,10909.0,8.652,52.2154,57.177,105.1697,0.0529,2.7303,4.7596,shale,2,2
470,10909.5,8.652,50.7201,56.6342,104.6168,0.0547,2.7215,4.8256,shale,2,2
471,10910.0,8.652,46.5436,56.4574,104.7648,0.0525,2.7087,4.8995,clean,1,2
472,10910.5,8.6296,47.5594,56.5027,105.3047,0.0449,2.7146,4.8598,clean,1,2
473,10911.0,8.652,47.7011,57.0026,105.1558,0.0436,2.7339,4.7525,clean,1,2
474,10911.5,8.652,51.2795,57.5551,105.77,0.0466,2.7456,4.6866,shale,2,2
475,10912.0,8.652,56.3992,58.2684,106.5907,0.0472,2.7439,4.7058,shale,2,2
476,10912.5,8.6296,49.9931,57.3102,106.5608,0.0453,2.7305,4.8339,clean,1,2
477,10913.0,8.652,48.7969,58.4118,107.4376,0.0398,2.7231,4.9834,clean,1,2
478,10913.5,8.652,42.481,58.5733,108.8357,0.0393,2.7111,5.1356,clean,1,2
479,10914.0,8.652,48.3741,59.0504,108.814,0.0434,2.7068,5.1545,clean,1,2
480,10914.5,8.6408,48.3741,58.7803,108.8582,0.0461,2.7045,5.0788,clean,1,2
481,10915.0,8.652,52.8598,58.6006,107.8861,0.0461,2.7031,4.9984,shale,2,2
482,10915.5,8.652,53.1164,58.5002,107.5037,0.0438,2.706,4.9231,shale,2,2
483,10916.0,8.6296,57.9012,58.4441,108.4826,0.0453,2.7119,4.8396,shale,2,2
484,10916.5,8.652,61.5477,58.5319,109.2302,0.0529,2.7145,4.7714,shale,2,2
485,10917.0,8.652,62.8588,58.6302,109.2758,0.0651,2.7121,4.7431,shale,2,2
486,10917.5,8.6745,62.3611,58.5419,108.9642,0.0731,2.7113,4.7291,shale,2,2
487,10918.0,8.652,54.5278,58.7719,109.6533,0.0675,2.7049,4.7702,shale,2,2
488,10918.5,8.6296,57.5183,58.8318,108.9519,0.0611,2.7019,4.8103,shale,2,2
489,10919.0,8.652,54.4402,59.5958,107.1632,0.0577,2.6953,4.8845,shale,2,2
490,10919.5,8.6296,61.0193,58.5066,105.9584,0.0553,2.702,4.8878,shale,2,2
491,10920.0,8.652,53.8791,56.9741,104.7327,0.0579,2.707,4.9005,shale,2,2
492,10920.5,8.6296,50.2956,55.5844,104.3753,0.0554,2.7088,4.9089,shale,2,2
493,10921.0,8.6296,47.3051,55.4128,103.2975,0.062,2.7059,4.8953,clean,1,2
494,10921.5,8.652,51.9394,56.4821,102.5803,0.0565,2.706,4.8076,shale,2,2
495,10922.0,8.652,60.594,56.5093,102.6296,0.0585,2.7159,4.6726,shale,2,2
496,10922.5,8.6296,59.9473,56.5373,102.7024,0.0507,2.7187,4.6446,shale,2,2
497,10923.0,8.6296,53.7986,55.532,102.3173,0.0413,2.7215,4.6856,shale,2,2
498,10923.5,8.652,44.6085,54.9831,102.9692,0.0342,2.7144,4.7701,clean,1,2
499,10924.0,8.652,38.3897,55.4411,103.9133,0.0349,2.7123,4.7739,clean,1,2
500,10924.5,8.6408,40.4651,56.6088,104.6489,0.0364,2.7156,4.7339,clean,1,2
501,10925.0,8.6296,39.9527,58.4385,105.2433,0.0342,2.7125,4.7357,clean,1,2
502,10925.5,8.652,46.54,58.469,104.9884,0.0354,2.711,4.7529,clean,1,2
503,10926.0,8.6296,42.6479,58.3535,104.6636,0.0302,2.7014,4.8305,clean,1,2
504,10926.5,8.652,41.5999,57.0432,103.8336,0.0229,2.7042,4.8445,clean,1,2
505,10927.0,8.6296,40.0837,56.432,102.2286,0.0217,2.706,4.8333,clean,1,2
506,10927.5,8.6296,42.3899,55.2463,101.762,0.0323,2.7034,4.7851,clean,1,2
507,10928.0,8.6296,47.7795,54.8368,101.3409,0.0429,2.7041,4.7102,clean,1,2
508,10928.5,8.652,52.002,54.7937,100.6374,0.0473,2.7113,4.629,shale,2,2
509,10929.0,8.652,51.7937,54.3963,100.1629,0.043,2.7266,4.5415,shale,2,2
510,10929.5,8.6408,48.7489,53.5777,100.1424,0.0485,2.7237,4.5766,clean,1,2
511,10930.0,8.6408,43.3302,52.9309,100.0887,0.042,2.7168,4.651,clean,1,2
512,10930.5,8.6296,42.7848,52.6216,100.2189,0.0352,2.706,4.7729,clean,1,2
513,10931.0,8.6408,42.8171,53.0457,101.0625,0.0226,2.7194,4.7713,clean,1,2
514,10931.5,8.6296,37.2266,53.6356,101.6608,0.0221,2.7267,4.7887,clean,1,2
515,10932.0,8.6296,35.0805,54.8947,102.7475,0.0203,2.7301,4.8091,clean,1,2
516,10932.5,8.652,32.0899,55.639,104.1616,0.0197,2.7233,4.9347,clean,1,2
517,10933.0,8.6296,39.2723,56.3787,104.281,0.0136,2.7238,5.1683,clean,1,2
518,10933.5,8.652,34.1884,56.5366,105.2817,0.01,2.7347,5.386,clean,1,2
519,10934.0,8.652,34.5815,56.5982,105.2375,0.0109,2.7388,5.4626,clean,1,2
520,10934.5,8.6296,31.4944,56.7002,104.8061,0.0168,2.7348,5.2964,clean,1,2
521,10935.0,8.6296,39.7505,55.8026,104.8263,0.0246,2.7183,5.1202,clean,1,2
522,10935.5,8.652,42.647,55.9878,104.2704,0.0317,2.7031,5.0496,clean,1,2
523,10936.0,8.652,42.6425,55.1921,103.6717,0.0307,2.6938,5.081,clean,1,2
524,10936.5,8.652,41.2818,55.041,104.7913,0.0316,2.6955,5.0805,clean,1,2
525,10937.0,8.652,40.9348,56.4695,106.1512,0.037,2.7014,5.0571,clean,1,2
526,10937.5,8.652,43.9492,56.9517,106.5126,0.0445,2.7075,5.0212,clean,1,2
527,10938.0,8.6745,45.0375,58.6094,107.4686,0.0442,2.7144,4.9779,clean,1,2
528,10938.5,8.652,41.4968,59.063,109.2541,0.0397,2.7213,4.9233,clean,1,2
529,10939.0,8.652,43.1131,58.5105,107.2927,0.0363,2.7264,4.9029,clean,1,2
530,10939.5,8.6296,41.7085,57.5953,107.2659,0.0368,2.7273,4.9171,clean,1,2
531,10940.0,8.652,47.112,57.6186,107.2448,0.0301,2.7302,4.8982,clean,1,2
532,10940.5,8.652,48.1186,57.5513,106.7237,0.0342,2.7258,4.8577,clean,1,2
533,10941.0,8.6745,50.8101,58.4058,106.9296,0.0412,2.7223,4.7677,shale,2,2
534,10941.5,8.6745,52.2976,58.4992,108.5787,0.0497,2.7149,4.7196,shale,2,2
535,10942.0,8.652,50.2535,57.6724,106.5755,0.0509,2.7249,4.6429,shale,2,2
536,10942.5,8.652,49.7519,57.3477,106.2506,0.0515,2.7246,4.6942,clean,1,2
537,10943.0,8.652,46.4496,56.5921,106.3158,0.0514,2.7393,4.6947,clean,1,2
538,10943.5,8.6408,45.6915,56.4825,105.9204,0.0527,2.7315,4.7855,clean,1,2
539,10944.0,8.6745,44.0997,57.1603,106.6877,0.0489,2.7255,4.7961,clean,1,2
540,10944.5,8.652,47.6586,58.4369,106.611,0.0532,2.7036,4.8854,clean,1,2
541,10945.0,8.6296,51.1081,58.5336,106.0558,0.0498,2.7008,4.9117,shale,2,2
542,10945.5,8.652,52.427,58.4813,106.0033,0.0465,2.713,4.9135,shale,2,2
543,10946.0,8.652,47.9881,56.905,104.6557,0.0363,2.7253,4.8914,clean,1,2
544,10946.5,8.652,45.0346,56.7034,103.9981,0.0321,2.7322,4.8316,clean,1,2
545,10947.0,8.6296,44.3321,56.4876,102.714,0.0322,2.7401,4.71,clean,1,2
546,10947.5,8.652,50.0328,55.4025,101.2674,0.0461,2.7419,4.6317,shale,2,2
547,10948.0,8.6745,49.3976,54.8723,101.1323,0.0499,2.74,4.6235,clean,1,2
548,10948.5,8.6745,46.2688,54.3664,100.1124,0.0499,2.7167,4.764,clean,1,2
549,10949.0,8.6296,42.9435,52.7541,99.7467,0.0452,2.6999,4.8637,clean,1,2
550,10949.5,8.6745,43.8521,52.4964,100.3441,0.0405,2.6881,4.9323,clean,1,2
551,10950.0,8.6296,50.5512,52.8947,101.6173,0.0403,2.6902,4.9193,shale,2,2
552,10950.5,8.6408,43.1239,54.4384,102.6994,0.0316,2.6891,4.9202,clean,1,2
553,10951.0,8.652,38.9256,56.2768,104.1472,0.0241,2.691,4.9249,clean,1,2
554,10951.5,8.6633,30.1744,57.3173,105.1688,0.0209,2.6983,4.947,clean,1,2
555,10952.0,8.652,30.1255,57.5578,105.4134,0.015,2.7076,5.025,clean,1,2
556,10952.5,8.652,22.7757,57.4375,105.1911,0.0137,2.7223,5.0789,clean,1,2
557,10953.0,8.6296,23.1657,56.7515,104.1937,0.0098,2.727,5.1197,clean,1,2
558,10953.5,8.652,28.8426,55.6402,103.2772,0.0134,2.7277,5.0521,clean,1,2
559,10954.0,8.6745,43.3697,55.4329,103.4538,0.0208,2.7172,4.9641,clean,1,2
560,10954.5,8.6296,49.3924,55.4287,103.3439,0.0351,2.708,4.8857,clean,1,2
561,10955.0,8.652,55.3786,55.5728,103.2096,0.0457,2.702,4.8596,shale,2,2
562,10955.5,8.652,55.4778,56.3408,104.429,0.0521,2.6992,4.872,shale,2,2
563,10956.0,8.652,54.7082,56.473,104.5935,0.0459,2.6981,4.9008,shale,2,2
564,10956.5,8.6745,47.2319,56.6544,104.6743,0.0366,2.7025,4.9209,clean,1,2
565,10957.0,8.652,43.1115,57.0793,105.6346,0.0226,2.7099,4.913,clean,1,2
566,10957.5,8.652,41.152,56.8838,106.1699,0.0221,2.7145,4.9154,clean,1,2
567,10958.0,8.6296,42.8983,58.3737,106.994,0.0255,2.7155,4.978,clean,1,2
568,10958.5,8.652,38.859,58.555,107.274,0.0299,2.7261,5.0152,clean,1,2
569,10959.0,8.6296,40.9359,58.7336,107.4613,0.0361,2.7426,4.9945,clean,1,2
570,10959.5,8.6296,44.5233,59.4107,109.9023,0.0366,2.7444,4.9146,clean,1,2
571,10960.0,8.6296,48.1164,59.1489,107.3084,0.038,2.7306,4.8785,clean,1,2
572,10960.5,8.652,48.4953,58.5127,106.1082,0.0406,2.7237,4.811,clean,1,2
573,10961.0,8.652,45.9496,57.1999,105.8858,0.0406,2.7224,4.7689,clean,1,2
574,10961.5,8.6296,46.5294,56.5599,105.5362,0.053,2.7281,4.6907,clean,1,2
575,10962.0,8.652,49.1113,56.3177,105.0036,0.0605,2.714,4.7255,clean,1,2
576,10962.5,8.6745,48.4166,56.5242,105.5556,0.0645,2.7153,4.7064,clean,1,2
577,10963.0,8.6745,55.2251,56.8615,105.4672,0.0651,2.7146,4.703,shale,2,2
578,10963.5,8.652,54.0586,56.7974,105.6774,0.0606,2.7202,4.668,shale,2,2
579,10964.0,8.6745,48.5868,57.1091,106.3927,0.0533,2.7154,4.7061,clean,1,2
580,10964.5,8.6296,38.8031,56.5552,105.8517,0.0393,2.7128,4.7583,clean,1,2
581,10965.0,8.652,38.1565,57.1552,106.4085,0.031,2.7105,4.8171,clean,1,2
582,10965.5,8.652,41.5013,58.3964,106.431,0.0299,2.7069,4.8509,clean,1,2
583,10966.0,8.652,44.7756,57.6527,105.3238,0.0382,2.7055,4.8488,clean,1,2
584,10966.5,8.652,48.8973,57.2231,105.5181,0.0439,2.7129,4.791,clean,1,2
585,10967.0,8.652,54.0148,56.5337,105.3909,0.0493,2.736,4.662,shale,2,2
586,10967.5,8.6745,54.3679,56.5102,103.9577,0.0441,2.7371,4.6444,shale,2,2
587,10968.0,8.652,47.9023,56.4314,103.0171,0.0396,2.7249,4.6651,clean,1,2
588,10968.5,8.652,44.0523,56.5009,102.5641,0.0409,2.7019,4.7314,clean,1,2
589,10969.0,8.652,47.6112,55.5732,102.0845,0.0457,2.7078,4.6925,clean,1,2
590,10969.5,8.652,48.1613,55.18,101.4028,0.0425,2.7204,4.6725,clean,1,2
591,10970.0,8.652,47.8418,54.6506,100.7074,0.0339,2.7265,4.6983,clean,1,2
592,10970.5,8.652,45.5471,53.6257,100.0305,0.0284,2.7246,4.7163,clean,1,2
593,10971.0,8.652,49.667,54.3953,100.6325,0.0276,2.7253,4.6959,clean,1,2
594,10971.5,8.652,51.7431,54.6028,100.9463,0.0284,2.7284,4.6654,shale,2,2
595,10972.0,8.6633,45.6052,55.0572,100.8217,0.0247,2.7272,4.6926,clean,1,2
596,10972.5,8.652,39.739,55.445,101.5812,0.0221,2.7234,4.7397,clean,1,2
597,10973.0,8.652,35.1637,55.5381,101.2565,0.0207,2.7281,4.739,clean,1,2
598,10973.5,8.652,34.0147,55.3571,100.3535,0.0193,2.7257,4.741,clean,1,2
599,10974.0,8.6296,33.9674,54.9776,100.101,0.0176,2.731,4.6746,clean,1,2
600,10974.5,8.6296,37.3647,54.5047,99.7786,0.0177,2.7389,4.6121,clean,1,2
601,10975.0,8.652,41.8331,54.3265,99.8054,0.0221,2.7373,4.6411,clean,1,2
602,10975.5,8.6296,43.0766,54.4893,100.711,0.0293,2.7247,4.741,clean,1,2
603,10976.0,8.652,43.026,54.6643,102.0147,0.029,2.7056,4.8172,clean,1,2
604,10976.5,8.6296,44.0674,56.3254,104.3037,0.0248,2.6994,4.7972,clean,1,2
605,10977.0,8.652,44.9645,57.0568,105.5553,0.0212,2.6973,4.7917,clean,1,2
606,10977.5,8.6296,43.1689,57.204,105.3596,0.017,2.6961,4.8362,clean,1,2
607,10978.0,8.652,40.9365,58.4285,106.4399,0.0145,2.6942,4.8979,clean,1,2
608,10978.5,8.6745,39.052,58.4332,106.298,0.0113,2.69,4.9503,clean,1,2
609,10979.0,8.6745,37.904,58.4884,105.8572,0.0124,2.6971,4.9241,clean,1,2
610,10979.5,8.6745,38.5826,58.44,105.3754,0.0161,2.6951,4.9136,clean,1,2
611,10980.0,8.6745,44.2399,57.3399,104.7963,0.0214,2.696,4.8431,clean,1,2
612,10980.5,8.6745,53.1969,56.8306,104.0056,0.0282,2.6873,4.8472,shale,2,2
613,10981.0,8.652,54.9107,56.564,104.3215,0.0278,2.6936,4.8116,shale,2,2
614,10981.5,8.6745,55.1672,56.5203,103.8082,0.0369,2.7008,4.802,shale,2,2
615,10982.0,8.652,54.0276,56.9734,103.9888,0.0394,2.7085,4.7419,shale,2,2
616,10982.5,8.652,60.0086,58.253,104.6628,0.0482,2.7178,4.6697,shale,2,2
617,10983.0,8.652,57.426,58.3498,103.0198,0.0463,2.7195,4.6658,shale,2,2
618,10983.5,8.6296,52.004,57.3885,102.4598,0.046,2.7203,4.685,shale,2,2
619,10984.0,8.6296,49.1777,55.6545,103.0456,0.037,2.71,4.7346,clean,1,2
620,10984.5,8.652,49.7082,55.459,104.5944,0.0305,2.7061,4.7123,clean,1,2
621,10985.0,8.6296,50.8869,56.7567,106.1002,0.0294,2.703,4.6825,shale,2,2
622,10985.5,8.652,48.8548,57.6565,106.9689,0.0321,2.702,4.6225,clean,1,2
623,10986.0,8.6745,49.868,59.5336,110.4194,0.0386,2.7006,4.5693,clean,1,2
624,10986.5,8.652,48.4681,60.4465,111.5599,0.0403,2.6965,4.5671,clean,1,2
625,10987.0,8.6745,47.3454,61.0773,111.851,0.0351,2.6982,4.6319,clean,1,2
626,10987.5,8.6745,42.4705,60.5853,111.0879,0.022,2.7042,4.7458,clean,1,2
627,10988.0,8.6745,42.4705,59.2871,109.4153,0.0188,2.7244,4.7493,clean,1,2
628,10988.5,8.6745,46.9563,58.6226,109.3248,0.0247,2.7426,4.656,clean,1,2
629,10989.0,8.6633,50.5615,58.4585,108.6039,0.0415,2.7453,4.5275,shale,2,2
630,10989.5,8.652,61.5311,58.622,109.2477,0.062,2.7447,4.4108,shale,2,2
631,10990.0,8.652,65.6068,58.934,110.4773,0.0673,2.724,4.3774,shale,2,2
632,10990.5,8.652,69.269,60.3258,110.9768,0.072,2.7115,4.3868,shale,2,2
633,10991.0,8.652,61.6341,60.5404,111.2918,0.0624,2.6925,4.483,shale,2,2
634,10991.5,8.652,53.6707,60.7465,109.8473,0.0543,2.6966,4.5309,shale,2,2
635,10992.0,8.6296,50.5031,60.3371,107.1872,0.0493,2.7061,4.5296,shale,2,2
636,10992.5,8.6745,50.384,58.6601,105.8899,0.046,2.7109,4.513,shale,2,2
637,10993.0,8.6296,51.6594,58.3705,104.5748,0.0508,2.7137,4.4918,shale,2,2
638,10993.5,8.6296,52.1908,57.6115,103.1449,0.0506,2.7103,4.4713,shale,2,2
639,10994.0,8.652,55.7582,57.0575,101.2732,0.0505,2.7026,4.4602,shale,2,2
640,10994.5,8.652,59.368,55.5695,99.9814,0.0596,2.6968,4.4491,shale,2,2
641,10995.0,8.6745,62.6022,54.4586,99.0801,0.0581,2.6941,4.4787,shale,2,2
642,10995.5,8.652,56.8454,53.461,98.5371,0.06,2.7062,4.4863,shale,2,2
643,10996.0,8.652,51.6981,53.378,97.9944,0.0487,2.7046,4.5725,shale,2,2
644,10996.5,8.652,45.418,54.5188,98.397,0.0425,2.7046,4.5951,clean,1,2
645,10997.0,8.6745,45.418,54.7944,98.9118,0.0412,2.6957,4.6153,clean,1,2
646,10997.5,8.6296,42.6895,54.8765,99.9128,0.0374,2.6965,4.5793,clean,1,2
647,10998.0,8.652,37.7834,55.5135,101.9509,0.0312,2.6927,4.571,clean,1,2
648,10998.5,8.652,30.9801,56.4194,102.8334,0.0188,2.6926,4.5355,clean,1,2
649,10999.0,8.6745,28.8518,57.2016,103.6795,0.0115,2.7014,4.4654,clean,1,2
650,10999.5,8.6745,28.0759,58.347,104.7935,0.0096,2.7208,4.3649,clean,1,2
651,11000.0,8.652,34.1097,58.2703,105.0409,0.011,2.7267,4.3428,clean,1,2
652,11000.5,8.652,35.0417,58.2881,105.4048,0.0158,2.7203,4.3758,clean,1,2
653,11001.0,8.6745,39.4089,58.3176,105.2616,0.0183,2.7083,4.4614,clean,1,2
654,11001.5,8.652,39.1376,58.3761,104.9783,0.0239,2.6957,4.5506,clean,1,2
655,11002.0,8.652,48.4082,57.6691,104.9911,0.0292,2.6872,4.6126,clean,1,2
656,11002.5,8.652,50.2038,57.1756,104.8054,0.0384,2.6811,4.6451,shale,2,2
657,11003.0,8.6745,54.6091,57.1778,104.7394,0.0414,2.6846,4.6523,shale,2,2
658,11003.5,8.652,52.1018,57.0553,104.2383,0.0403,2.6949,4.6268,shale,2,2
659,11004.0,8.652,51.5732,56.6436,103.6907,0.0391,2.7082,4.5546,shale,2,2
660,11004.5,8.652,56.0873,56.5356,103.7289,0.0391,2.7114,4.4844,shale,2,2
661,11005.0,8.6745,55.0424,56.4345,103.6372,0.0387,2.7088,4.428,shale,2,2
662,11005.5,8.6745,58.7017,56.472,103.9439,0.0392,2.702,4.432,shale,2,2
663,11006.0,8.652,57.4695,57.0846,104.2885,0.0384,2.7008,4.4717,shale,2,2
664,11006.5,8.6745,59.2273,58.2841,103.4681,0.0403,2.6961,4.5808,shale,2,2
665,11007.0,8.652,57.1227,57.2063,102.666,0.0399,2.6943,4.685,shale,2,2
666,11007.5,8.652,50.5512,55.5083,102.5712,0.0345,2.6982,4.7379,shale,2,2
667,11008.0,8.6296,44.9645,55.0204,103.1458,0.0273,2.7035,4.7446,clean,1,2
668,11008.5,8.652,41.6635,55.4324,103.0878,0.0233,2.7024,4.7373,clean,1,2
669,11009.0,8.6296,42.8712,56.6532,103.2859,0.0243,2.696,4.722,clean,1,2
670,11009.5,8.652,45.7664,56.8944,103.632,0.0282,2.688,4.6931,clean,1,2
671,11010.0,8.6745,50.8631,56.4778,104.4633,0.0305,2.6792,4.681,shale,2,2
672,11010.5,8.6633,45.1696,56.5007,104.7941,0.0319,2.6746,4.7094,clean,1,2
673,11011.0,8.652,36.8785,56.6263,104.6978,0.0232,2.6863,4.7193,clean,1,2
674,11011.5,8.652,30.9787,56.7051,104.9606,0.0209,2.6866,4.8105,clean,1,2
675,11012.0,8.652,34.8664,57.3884,105.6356,0.0233,2.6831,4.8816,clean,1,2
676,11012.5,8.652,41.0318,57.2326,104.8483,0.0314,2.6766,4.9083,clean,1,2
677,11013.0,8.652,40.6387,55.717,103.9136,0.0325,2.6944,4.8112,clean,1,2
678,11013.5,8.652,42.701,56.248,104.761,0.0283,2.7079,4.7593,clean,1,2
679,11014.0,8.6408,45.1257,55.0174,103.3542,0.0274,2.7071,4.8197,clean,1,2
680,11014.5,8.652,45.7753,56.356,103.1218,0.0275,2.6951,4.9381,clean,1,2
681,11015.0,8.652,46.7035,55.6495,103.4785,0.0281,2.7011,4.9341,clean,1,2
682,11015.5,8.652,47.0818,54.6825,103.7519,0.0317,2.7072,4.8972,clean,1,2
683,11016.0,8.652,49.441,56.3432,105.8132,0.0377,2.7056,4.8825,clean,1,2
684,11016.5,8.652,46.7016,56.5226,106.7224,0.0384,2.7089,4.8744,clean,1,2
685,11017.0,8.6745,40.955,58.4908,106.836,0.0287,2.7113,4.8974,clean,1,2
686,11017.5,8.652,40.6325,59.5322,110.1577,0.0218,2.7297,4.8166,clean,1,2
687,11018.0,8.652,40.6804,60.6431,111.4687,0.0192,2.7278,4.7907,clean,1,2
688,11018.5,8.652,41.0589,61.255,110.586,0.0198,2.742,4.6507,clean,1,2
689,11019.0,8.652,40.466,61.0504,107.2274,0.0183,2.7379,4.612,clean,1,2
690,11019.5,8.652,37.099,59.5155,105.0031,0.0193,2.7409,4.5553,clean,1,2
691,11020.0,8.6296,39.0983,57.2619,103.3092,0.0318,2.7281,4.5893,clean,1,2
692,11020.5,8.652,48.4281,55.5156,102.2778,0.0473,2.7198,4.62,clean,1,2
693,11021.0,8.652,54.4866,54.6006,101.1963,0.058,2.7074,4.6868,shale,2,2
694,11021.5,8.6296,57.361,54.6397,101.1238,0.0604,2.7031,4.6871,shale,2,2
695,11022.0,8.652,56.4047,54.7905,101.9025,0.0659,2.7022,4.6232,shale,2,2
696,11022.5,8.6296,54.9465,55.385,102.7038,0.073,2.6999,4.546,shale,2,2
697,11023.0,8.652,51.7902,56.4106,103.0434,0.0663,2.691,4.5659,shale,2,2
698,11023.5,8.652,41.7035,56.6636,103.8511,0.0464,2.6864,4.6671,clean,1,2
699,11024.0,8.6408,38.0931,57.0518,104.6674,0.0269,2.6948,4.7713,clean,1,2
700,11024.5,8.652,37.644,56.9598,104.7671,0.0196,2.7032,4.8595,clean,1,2
701,11025.0,8.6296,41.4505,57.0732,105.2269,0.0188,2.7071,4.9079,clean,1,2
702,11025.5,8.652,42.7693,56.8333,105.4775,0.0194,2.7027,4.9432,clean,1,2
703,11026.0,8.6745,44.6965,57.5117,107.3116,0.0242,2.699,4.9679,clean,1,2
704,11026.5,8.6745,45.5201,58.5049,110.6169,0.0347,2.6937,5.0075,clean,1,2
705,11027.0,8.652,48.3728,59.0884,111.2628,0.0455,2.6965,5.0046,clean,1,2
706,11027.5,8.6633,45.9468,59.5043,111.8594,0.0461,2.7021,4.9835,clean,1,2
707,11028.0,8.652,41.5345,60.4288,112.0237,0.044,2.7135,4.914,clean,1,2
708,11028.5,8.6296,42.5296,60.3745,112.6419,0.0425,2.7081,4.9274,clean,1,2
709,11029.0,8.652,44.9556,59.5545,113.5631,0.0436,2.6962,4.9531,clean,1,2
710,11029.5,8.652,53.03,60.4211,114.6507,0.043,2.6835,4.97,shale,2,2
711,11030.0,8.6745,52.2605,61.7952,116.5182,0.0455,2.6816,4.9106,shale,2,2
712,11030.5,8.652,55.251,64.7535,117.9799,0.0535,2.6961,4.7726,shale,2,2
713,11031.0,8.6296,53.8974,66.7594,117.8999,0.0564,2.7041,4.7003,shale,2,2
714,11031.5,8.652,56.0643,66.6729,116.3817,0.0636,2.7151,4.6548,shale,2,2
715,11032.0,8.652,55.5027,63.54,113.6433,0.0608,2.7076,4.7328,shale,2,2
716,11032.5,8.652,57.181,60.3399,109.754,0.0619,2.7151,4.6801,shale,2,2
717,11033.0,8.652,63.4522,57.3503,105.197,0.062,2.7149,4.5577,shale,2,2
718,11033.5,8.652,75.976,56.7446,102.8529,0.0826,2.7136,4.3356,shale,2,0
719,11034.0,8.652,92.7666,55.1672,101.4214,0.1248,2.6913,4.2383,shale,2,0
720,11034.5,8.6745,100.8499,53.7894,102.2452,0.1321,2.6798,4.2605,shale,2,0
721,11035.0,8.652,92.7058,54.494,104.0718,0.1072,2.6875,4.3963,shale,2,0
722,11035.5,8.6296,71.1046,56.3965,104.7772,0.0588,2.7095,4.5517,shale,2,2
723,11036.0,8.652,57.6613,58.4209,105.3569,0.0389,2.7228,4.6745,shale,2,2
724,11036.5,8.6745,52.6472,59.509,106.7602,0.0306,2.7228,4.7299,shale,2,2
725,11037.0,8.652,49.623,58.8714,108.6394,0.0299,2.7113,4.8043,clean,1,2
726,11037.5,8.652,40.9364,58.9576,109.3716,0.0204,2.7032,4.8822,clean,1,2
727,11038.0,8.652,39.5211,59.2415,111.0886,0.0174,2.7,4.9296,clean,1,2
728,11038.5,8.652,44.3615,60.6173,111.8215,0.0217,2.7062,4.8659,clean,1,2
729,11039.0,8.6296,52.2583,62.3392,112.3207,0.0324,2.7131,4.7606,shale,2,2
730,11039.5,8.652,55.4915,62.3772,113.2794,0.0445,2.7164,4.7208,shale,2,2
731,11040.0,8.6296,57.8121,62.4307,113.9687,0.0439,2.7239,4.7164,shale,2,2
732,11040.5,8.652,60.3821,62.5438,113.8958,0.0448,2.718,4.8048,shale,2,2
733,11041.0,8.652,60.5003,63.4778,113.5942,0.0547,2.7076,4.8727,shale,2,2
734,11041.5,8.6296,62.6435,64.4342,112.5386,0.0619,2.6936,4.9226,shale,2,2
735,11042.0,8.6296,63.1719,62.533,111.9118,0.074,2.6917,4.9077,shale,2,2
736,11042.5,8.652,64.5255,59.4747,113.0116,0.072,2.7062,4.8277,shale,2,2
737,11043.0,8.652,61.5349,59.6663,114.7317,0.0739,2.7214,4.7616,shale,2,2
738,11043.5,8.652,59.7393,62.0762,116.0978,0.0792,2.7225,4.7158,shale,2,2
739,11044.0,8.652,58.8422,66.9277,117.1953,0.0926,2.7074,4.7414,shale,2,2
740,11044.5,8.652,64.8411,69.1053,117.7743,0.0971,2.6911,4.8052,shale,2,2
741,11045.0,8.6745,59.2302,68.4269,117.656,0.0815,2.6857,4.9004,shale,2,2
742,11045.5,8.652,53.9,66.3653,116.7156,0.0565,2.6824,4.976,shale,2,2
743,11046.0,8.652,51.4897,65.1065,114.678,0.0542,2.6828,4.9122,shale,2,2
744,11046.5,8.6745,66.3351,64.5582,112.4218,0.0858,2.6825,4.7397,shale,2,2
745,11047.0,8.6745,86.6179,63.1277,111.5106,0.125,2.6824,4.5748,shale,2,0
746,11047.5,8.652,91.3076,62.4105,111.3877,0.1406,2.6793,4.5418,shale,2,0
747,11048.0,8.6745,86.3614,61.0079,109.3008,0.119,2.6734,4.6235,shale,2,0
748,11048.5,8.652,79.388,60.4525,108.8779,0.0971,2.6764,4.6823,shale,2,0
749,11049.0,8.652,76.1936,60.3345,110.5286,0.089,2.6743,4.759,shale,2,0
750,11049.5,8.6745,72.1618,60.6502,112.1638,0.0913,2.6814,4.7959,shale,2,0
751,11050.0,8.6296,65.3788,61.7326,113.6064,0.0852,2.6912,4.8272,shale,2,2
752,11050.5,8.652,64.5108,64.5255,115.4296,0.0777,2.7116,4.7876,shale,2,2
753,11051.0,8.652,62.6952,66.3852,116.4045,0.0731,2.7167,4.803,shale,2,2
754,11051.5,8.6408,60.9008,65.1003,116.2362,0.0691,2.7079,4.8779,shale,2,2
755,11052.0,8.652,52.4234,64.4043,116.0117,0.06,2.6971,4.9511,shale,2,2
756,11052.5,8.652,56.745,63.2746,115.9178,0.0555,2.6968,4.9404,shale,2,2
757,11053.0,8.652,67.9167,64.5427,116.8873,0.0678,2.7063,4.8317,shale,2,2
758,11053.5,8.652,75.767,66.3207,117.1053,0.0902,2.6977,4.78,shale,2,0
759,11054.0,8.6296,79.4173,66.5134,116.8734,0.1017,2.6919,4.698,shale,2,0
760,11054.5,8.6296,72.7313,65.2274,115.5295,0.1075,2.6974,4.5942,shale,2,0
761,11055.0,8.6745,72.32,64.4453,115.0726,0.1003,2.7111,4.5229,shale,2,0
762,11055.5,8.652,68.9687,63.4844,114.1063,0.0961,2.7237,4.5101,shale,2,2
763,11056.0,8.652,72.5478,63.3906,112.9572,0.0938,2.7165,4.5568,shale,2,0
764,11056.5,8.652,74.1851,63.2981,111.7947,0.1017,2.7048,4.5304,shale,2,0
765,11057.0,8.652,74.4331,61.6057,108.9428,0.1145,2.6864,4.5227,shale,2,0
766,11057.5,8.652,72.9791,58.9114,105.6002,0.1154,2.6765,4.5554,shale,2,0
767,11058.0,8.652,72.3428,57.5419,104.4465,0.105,2.6833,4.5932,shale,2,0
768,11058.5,8.6296,75.0854,56.8757,102.6067,0.0956,2.695,4.5916,shale,2,0
769,11059.0,8.652,70.4118,56.5736,101.7154,0.0961,2.698,4.5867,shale,2,2
770,11059.5,8.652,70.4201,56.3869,101.8031,0.095,2.6894,4.6333,shale,2,2
771,11060.0,8.652,66.9332,55.2982,102.6249,0.0863,2.6768,4.7513,shale,2,2
772,11060.5,8.652,63.5007,55.553,104.5845,0.0644,2.6817,4.8364,shale,2,2
773,11061.0,8.652,55.7253,56.7004,106.7243,0.0489,2.6876,4.9422,shale,2,2
774,11061.5,8.652,44.1822,58.7365,110.9852,0.0391,2.7036,4.9663,clean,1,2
775,11062.0,8.652,40.8926,61.0186,112.8773,0.0383,2.7079,5.0091,clean,1,2
776,11062.5,8.652,40.9892,62.8323,115.0671,0.0382,2.7148,5.0121,clean,1,2
777,11063.0,8.6296,44.6552,64.4972,117.0097,0.0354,2.7095,5.0892,clean,1,2
778,11063.5,8.652,42.3994,65.4806,118.3973,0.0331,2.6998,5.1509,clean,1,2
779,11064.0,8.6408,39.6113,66.4816,119.3011,0.0351,2.6897,5.1235,clean,1,2
780,11064.5,8.652,46.2058,66.5595,121.6713,0.0507,2.6835,4.9939,clean,1,2
781,11065.0,8.652,52.3494,67.4444,123.6525,0.063,2.6847,4.8129,shale,2,2
782,11065.5,8.6296,66.3953,68.8061,124.5723,0.078,2.6845,4.6791,shale,2,2
783,11066.0,8.6408,75.9884,69.5443,124.8601,0.0867,2.6758,4.613,shale,2,0
784,11066.5,8.652,85.2066,70.4914,125.0624,0.1024,2.6764,4.5151,shale,2,0
785,11067.0,8.6633,84.3191,70.4533,124.6228,0.1069,2.6736,4.4494,shale,2,0
786,11067.5,8.6745,82.8219,70.285,123.8668,0.1107,2.6871,4.3303,shale,2,0
787,11068.0,8.6745,84.1031,72.3521,122.2785,0.1086,2.6886,4.2893,shale,2,0
788,11068.5,8.652,87.1299,69.9948,118.9599,0.1141,2.6825,4.2836,shale,2,0
789,11069.0,8.652,89.0042,67.6375,116.4906,0.1271,2.6778,4.2454,shale,2,0
790,11069.5,8.6745,97.046,66.5021,114.3819,0.1457,2.676,4.1929,shale,2,0
791,11070.0,8.652,104.4266,64.3339,112.5322,0.1525,2.6939,4.0805,shale,2,0
792,11070.5,8.6745,107.3002,61.0095,110.3252,0.1508,2.7045,4.0451,shale,2,0
793,11071.0,8.652,103.1538,60.3189,108.9044,0.1384,2.7016,4.0485,shale,2,0
794,11071.5,8.652,94.9152,59.282,107.0574,0.1401,2.6937,4.0668,shale,2,0
795,11072.0,8.6745,84.1493,59.0595,107.0032,0.1254,2.6892,4.1106,shale,2,0
796,11072.5,8.6296,81.3104,59.2369,107.1468,0.1169,2.6847,4.2743,shale,2,0
797,11073.0,8.6745,77.6463,59.5106,107.1218,0.0975,2.6854,4.4744,shale,2,0
798,11073.5,8.652,74.0292,59.3713,106.9598,0.0893,2.6821,4.6828,shale,2,0
799,11074.0,8.6745,66.9591,58.9291,106.4565,0.0746,2.6974,4.7287,shale,2,2
800,11074.5,8.652,62.1883,58.5198,105.7256,0.0628,2.7051,4.7318,shale,2,2
801,11075.0,8.6745,62.5159,58.3493,105.1101,0.051,2.7064,4.7167,shale,2,2
802,11075.5,8.652,55.2212,57.3152,104.1818,0.0492,2.6956,4.7386,shale,2,2
803,11076.0,8.6745,54.0109,56.7874,104.1654,0.0444,2.6912,4.7492,shale,2,2
804,11076.5,8.6745,53.662,56.7975,104.2822,0.0458,2.6906,4.7759,shale,2,2
805,11077.0,8.6745,58.5893,57.0182,104.9046,0.0449,2.6936,4.8098,shale,2,2
806,11077.5,8.6745,57.4723,57.256,108.7093,0.0459,2.6879,4.8707,shale,2,2
807,11078.0,8.6745,53.3354,58.4727,111.3667,0.0373,2.6983,4.8177,shale,2,2
808,11078.5,8.652,50.7168,59.3966,112.8501,0.0294,2.7089,4.7489,shale,2,2
809,11079.0,8.652,49.4413,60.7421,113.6851,0.0268,2.7091,4.7409,clean,1,2
810,11079.5,8.652,52.4554,61.1058,113.0971,0.0317,2.7012,4.7944,shale,2,2
811,11080.0,8.6296,51.9243,60.8976,111.8556,0.0367,2.693,4.8559,shale,2,2
812,11080.5,8.652,51.0271,60.4667,110.2965,0.033,2.6902,4.9131,shale,2,2
813,11081.0,8.6633,48.5802,60.3493,108.8136,0.0309,2.682,4.9916,clean,1,2
814,11081.5,8.6296,49.0134,59.3288,106.8719,0.0302,2.6753,5.0324,clean,1,2
815,11082.0,8.6745,54.7958,58.7032,105.5533,0.0406,2.6864,4.9211,shale,2,2
816,11082.5,8.652,57.2193,57.2134,104.7439,0.0483,2.6898,4.8206,shale,2,2
817,11083.0,8.6296,57.8174,56.4977,103.4832,0.0517,2.6898,4.7501,shale,2,2
818,11083.5,8.6296,54.7392,56.3679,101.8792,0.0528,2.6785,4.7574,shale,2,2
819,11084.0,8.6296,54.7392,55.2032,101.3844,0.0567,2.6813,4.7117,shale,2,2
820,11084.5,8.6296,51.4173,55.1566,101.7884,0.0649,2.6815,4.7136,shale,2,2
821,11085.0,8.6296,46.0216,55.1379,102.1638,0.0592,2.6866,4.7428,clean,1,2
822,11085.5,8.652,39.2374,56.2918,102.2352,0.0428,2.6927,4.7914,clean,1,2
823,11086.0,8.652,34.1858,56.486,101.9713,0.0274,2.6884,4.8835,clean,1,2
824,11086.5,8.652,37.5295,56.5085,102.0637,0.0239,2.6822,4.9381,clean,1,2
825,11087.0,8.652,36.8373,56.4932,102.5964,0.022,2.6565,5.0868,clean,1,2
826,11087.5,8.6745,41.6171,56.4212,102.883,0.0209,2.6501,5.1162,clean,1,2
827,11088.0,8.6745,38.2891,56.4586,103.2759,0.0179,2.6499,5.1328,clean,1,2
828,11088.5,8.6633,40.3825,56.5378,103.4711,0.0187,2.6524,5.037,clean,1,2
829,11089.0,8.6745,39.1013,56.5812,103.2067,0.0202,2.6458,4.9658,clean,1,2
830,11089.5,8.6745,41.4967,56.4314,102.7339,0.0205,2.6326,4.8976,clean,1,2
831,11090.0,8.652,44.4386,55.0316,102.1452,0.0231,2.6243,4.8934,clean,1,2
832,11090.5,8.6745,44.5452,54.6037,101.5736,0.0227,2.6281,4.8832,clean,1,2
833,11091.0,8.652,42.1341,53.5519,100.9891,0.0274,2.6354,4.9406,clean,1,2
834,11091.5,8.652,39.0592,53.5212,100.7649,0.025,2.6522,4.9681,clean,1,2
835,11092.0,8.6745,39.9575,54.3137,100.7405,0.0246,2.6661,4.9764,clean,1,2
836,11092.5,8.6745,39.6968,54.3593,100.4855,0.0201,2.6657,4.8865,clean,1,2
837,11093.0,8.7083,35.9539,54.4059,100.3279,0.0168,2.6538,4.8983,clean,1,2
838,11093.5,8.742,31.1056,54.4401,100.3007,0.0143,2.6404,4.9604,clean,1,2
839,11094.0,8.7195,27.1795,53.488,100.1713,0.0123,2.6429,5.0431,clean,1,2
840,11094.5,8.742,27.8584,53.42,100.0833,0.0133,2.647,5.023,clean,1,2
841,11095.0,8.742,29.1007,53.2461,99.9077,0.0129,2.6264,5.0591,clean,1,2
842,11095.5,8.7195,28.5026,53.348,99.7445,0.0141,2.6364,5.1916,clean,1,2
843,11096.0,8.697,29.7851,54.4002,99.7287,0.0126,2.6529,5.2976,clean,1,2
844,11096.5,8.7195,30.9813,54.4032,99.8239,0.0148,2.6938,5.2659,clean,1,2
845,11097.0,8.6745,34.236,54.3397,100.0692,0.0138,2.6938,5.15,clean,1,2
846,11097.5,8.6633,37.0475,54.4468,101.0133,0.0163,2.6884,5.0949,clean,1,2
847,11098.0,8.6296,36.9275,54.4246,102.1313,0.0144,2.6871,5.0626,clean,1,2
848,11098.5,8.6296,34.869,54.5094,103.5414,0.0169,2.6911,5.0457,clean,1,2
849,11099.0,8.6745,32.1775,54.7915,103.8864,0.0157,2.7024,5.0255,clean,1,2
850,11099.5,8.652,30.895,54.9033,103.7164,0.0174,2.7049,5.1601,clean,1,2
851,11100.0,8.6296,28.8016,55.0325,102.9985,0.0146,2.7053,5.3695,clean,1,2
852,11100.5,8.6745,24.834,54.7946,102.4016,0.0122,2.7059,5.4834,clean,1,2
853,11101.0,8.652,27.1336,55.1451,102.2765,0.0099,2.7087,5.3834,clean,1,2
854,11101.5,8.6296,31.9185,55.5304,102.1913,0.0111,2.7064,5.1904,clean,1,2
855,11102.0,8.6296,37.0487,55.6425,102.346,0.0127,2.7085,5.0012,clean,1,2
856,11102.5,8.6296,35.5068,56.3323,102.6042,0.0131,2.7139,4.8848,clean,1,2
857,11103.0,8.6745,34.3237,55.3848,102.2733,0.0129,2.7249,4.7937,clean,1,2
858,11103.5,8.652,32.7725,55.3805,102.5115,0.0148,2.7344,4.7365,clean,1,2
859,11104.0,8.652,37.9031,55.443,102.6907,0.0175,2.7177,4.7773,clean,1,2
860,11104.5,8.6296,43.8916,56.3678,102.1591,0.0186,2.7084,4.7932,clean,1,2
861,11105.0,8.652,45.429,56.3053,102.1134,0.0191,2.6947,4.8288,clean,1,2
862,11105.5,8.6296,40.0595,56.2584,102.2835,0.0174,2.6948,4.8515,clean,1,2
863,11106.0,8.652,35.6344,55.4391,102.188,0.0199,2.7094,4.7927,clean,1,2
864,11106.5,8.652,35.3826,55.3153,102.5581,0.0163,2.7266,4.7326,clean,1,2
865,11107.0,8.652,36.2809,56.274,103.4735,0.021,2.7499,4.6062,clean,1,2
866,11107.5,8.652,37.5621,56.7209,104.378,0.0217,2.7398,4.604,clean,1,2
867,11108.0,8.652,39.0749,57.6286,105.3475,0.0245,2.7288,4.603,clean,1,2
868,11108.5,8.652,38.4622,58.6078,106.2968,0.02,2.7105,4.6941,clean,1,2
869,11109.0,8.652,38.9747,58.9898,106.9512,0.0194,2.7032,4.8208,clean,1,2
870,11109.5,8.652,40.549,59.2762,107.0253,0.0204,2.6881,4.9965,clean,1,2
871,11110.0,8.652,41.4462,59.43,107.6137,0.0197,2.6827,5.0758,clean,1,2
872,11110.5,8.6296,42.2305,59.7818,108.4797,0.024,2.6812,5.0377,clean,1,2
873,11111.0,8.652,43.9282,59.5189,107.4973,0.03,2.6831,4.9336,clean,1,2
874,11111.5,8.6296,48.383,60.4326,107.321,0.046,2.6847,4.8391,clean,1,2
875,11112.0,8.6745,46.621,59.629,106.3968,0.0442,2.6874,4.7739,clean,1,2
876,11112.5,8.652,50.2096,58.8263,104.9626,0.047,2.6858,4.7459,shale,2,2
877,11113.0,8.652,54.8269,57.5921,103.9016,0.0442,2.686,4.7155,shale,2,2
878,11113.5,8.6745,62.9013,56.5074,102.958,0.046,2.6818,4.7347,shale,2,2
879,11114.0,8.652,59.9235,55.5302,102.4785,0.0531,2.6772,4.7799,shale,2,2
880,11114.5,8.652,57.4307,55.4317,102.2941,0.0581,2.6704,4.8531,shale,2,2
881,11115.0,8.652,55.3373,55.291,102.089,0.0556,2.6684,4.9004,shale,2,2
882,11115.5,8.6745,53.7982,55.3142,102.0629,0.0434,2.6793,4.8987,shale,2,2
883,11116.0,8.652,49.9106,55.0909,102.0166,0.032,2.6842,4.9507,clean,1,2
884,11116.5,8.652,43.6394,54.8958,101.9403,0.0245,2.6845,5.0273,clean,1,2
885,11117.0,8.6745,40.3809,54.7782,101.9798,0.0193,2.6968,5.0062,clean,1,2
886,11117.5,8.652,43.9203,55.0457,102.4236,0.0178,2.7056,4.9639,clean,1,2
887,11118.0,8.652,47.2207,56.3765,103.0745,0.0199,2.7094,4.9256,clean,1,2
888,11118.5,8.652,47.8993,56.6467,103.4807,0.0203,2.6958,4.9879,clean,1,2
889,11119.0,8.6633,42.5816,57.1465,103.5409,0.019,2.6905,5.0205,clean,1,2
890,11119.5,8.6745,39.5713,57.0582,102.6474,0.0168,2.6878,5.0648,clean,1,2
891,11120.0,8.652,37.7776,56.5384,101.7272,0.0176,2.6895,5.0678,clean,1,2
892,11120.5,8.6745,42.269,56.2555,101.0103,0.0192,2.6879,5.0445,clean,1,2
893,11121.0,8.6745,46.0653,55.351,99.9914,0.0241,2.6913,4.9557,clean,1,2
894,11121.5,8.6745,51.0681,54.8765,98.4903,0.0299,2.6904,4.8966,shale,2,2
895,11122.0,8.6745,51.6573,53.7176,96.1486,0.0317,2.7024,4.8071,shale,2,2
896,11122.5,8.652,51.1506,52.8478,95.6291,0.0297,2.7101,4.7725,shale,2,2
897,11123.0,8.652,51.7707,52.5867,97.2779,0.023,2.7123,4.809,shale,2,2
898,11123.5,8.652,47.6517,52.8409,99.1678,0.0217,2.699,4.947,clean,1,2
899,11124.0,8.652,47.9508,53.4865,100.4285,0.0199,2.6882,5.0623,clean,1,2
900,11124.5,8.6408,43.1103,53.534,102.3099,0.0184,2.6807,5.1359,clean,1,2
901,11125.0,8.6745,40.9364,54.4482,106.555,0.0151,2.6845,5.1283,clean,1,2
902,11125.5,8.6296,33.723,56.762,113.9519,0.0116,2.6899,5.1127,clean,1,2
903,11126.0,8.652,34.0557,63.0407,119.4945,0.0106,2.6921,5.0957,clean,1,2
904,11126.5,8.6745,33.4576,70.6357,127.4209,0.0102,2.691,5.0709,clean,1,2
905,11127.0,8.652,36.7922,79.0523,134.2546,0.0121,2.6844,5.0622,clean,1,2
906,11127.5,8.652,37.6894,82.2906,138.2262,0.0139,2.6842,5.0399,clean,1,2
907,11128.0,8.652,39.1936,82.8249,140.653,0.0139,2.6908,4.9903,clean,1,2
908,11128.5,8.652,40.979,82.9108,140.0435,0.0204,2.6994,4.8871,clean,1,2
909,11129.0,8.652,51.2923,85.0397,140.3875,0.0494,2.6989,4.7152,shale,2,2
910,11129.5,8.652,71.0208,86.4092,139.244,0.111,2.684,4.4922,shale,2,2
911,11130.0,8.652,94.945,87.3705,137.4339,0.1688,2.6573,4.2658,shale,2,0
912,11130.5,8.652,112.1314,82.715,130.4871,0.2091,2.6209,4.1101,shale,2,0
913,11131.0,8.6745,117.2153,76.4809,126.6878,0.2213,2.5846,4.0755,shale,2,0
914,11131.5,8.6745,118.1832,70.5706,117.4031,0.2135,2.5758,4.0227,shale,2,0
915,11132.0,8.652,119.9906,64.7439,111.2562,0.2023,2.5737,3.9758,shale,2,0
916,11132.5,8.6745,129.8593,61.5064,108.999,0.2199,2.5622,3.9555,shale,2,0
917,11133.0,8.6745,137.0417,58.5165,103.8563,0.2288,2.555,3.9945,shale,2,0
918,11133.5,8.6745,143.0228,56.5219,102.374,0.2241,2.5642,4.1214,shale,2,0
919,11134.0,8.652,136.3016,54.5403,101.7139,0.1867,2.6017,4.2368,shale,2,0
920,11134.5,8.652,123.9646,54.4968,101.0193,0.1662,2.6329,4.3705,shale,2,0
921,11135.0,8.6745,99.9887,54.8214,100.3307,0.1368,2.6515,4.4974,shale,2,0
922,11135.5,8.6745,83.4136,56.5001,99.9547,0.1024,2.6693,4.5968,shale,2,0
923,11136.0,8.652,71.7505,57.5037,99.9775,0.0635,2.6774,4.7484,shale,2,2
924,11136.5,8.6745,65.0883,56.9191,99.6996,0.0364,2.6897,4.8887,shale,2,2
925,11137.0,8.652,54.9078,55.2945,99.7312,0.0177,2.6926,5.0102,shale,2,2
926,11137.5,8.652,45.8034,53.632,99.7594,0.0135,2.6883,5.069,clean,1,2
927,11138.0,8.652,51.3514,52.9775,100.2761,0.0169,2.6851,5.0539,shale,2,2
928,11138.5,8.652,60.8956,53.1094,102.6009,0.027,2.6827,5.0697,shale,2,2
929,11139.0,8.6745,66.4114,53.2916,104.7629,0.0312,2.6886,5.1202,shale,2,2
930,11139.5,8.6745,56.2309,53.0992,106.7436,0.0268,2.7105,5.1246,shale,2,2
931,11140.0,8.6745,44.4439,52.9396,110.6418,0.0199,2.7251,5.1237,clean,1,2
932,11140.5,8.652,40.5562,54.3538,116.674,0.0163,2.7223,5.1344,clean,1,2
933,11141.0,8.6745,38.7597,57.5644,129.1425,0.0144,2.705,5.1676,clean,1,2
934,11141.5,8.6745,38.7597,66.8543,152.0896,0.0125,2.6937,5.1698,clean,1,2
935,11142.0,8.652,39.0778,72.3842,171.6175,0.0105,2.6972,5.1111,clean,1,2
936,11142.5,8.6745,39.9596,111.3374,182.789,0.0093,2.7065,5.009,clean,1,2
937,11143.0,8.6745,43.2907,110.331,184.1496,0.0088,2.7233,4.8438,clean,1,2
938,11143.5,8.6745,70.0882,110.4164,180.7363,0.0184,2.7147,4.6631,shale,2,2
939,11144.0,8.652,159.505,106.57,173.4188,0.076,2.6496,4.4524,shale,2,3
940,11144.5,8.697,285.6727,101.1148,163.9641,0.1575,2.5171,4.2388,shale,2,3
941,11145.0,8.652,415.2849,97.4399,159.9648,0.2624,2.3782,3.9924,shale,2,4
942,11145.5,8.6296,503.2064,95.5071,155.2431,0.3432,2.279,3.8401,shale,2,4
943,11146.0,8.652,543.9283,95.0398,155.3123,0.3795,2.2445,3.742,shale,2,4
944,11146.5,8.6745,526.7603,96.4171,156.388,0.3941,2.2522,3.6799,shale,2,4
945,11147.0,8.652,467.5479,97.0012,157.375,0.3455,2.277,3.5791,shale,2,4
946,11147.5,8.652,400.9709,98.4936,158.8004,0.326,2.3064,3.4462,shale,2,4
947,11148.0,8.652,343.9496,97.7655,158.2093,0.2855,2.327,3.3086,shale,2,4
948,11148.5,8.652,288.5935,97.0374,155.4808,0.2836,2.3544,3.1406,shale,2,3
949,11149.0,8.6408,247.584,95.9086,156.9107,0.2887,2.3637,3.0385,shale,2,3
950,11149.5,8.652,237.4162,94.4527,156.8107,0.2849,2.368,2.9685,shale,2,3
951,11150.0,8.652,263.5806,95.3564,158.5149,0.2772,2.3479,2.9721,shale,2,3
952,11150.5,8.652,326.9798,97.6612,160.6131,0.2796,2.3196,2.9717,shale,2,3
953,11151.0,8.652,384.0988,99.4041,162.177,0.2775,2.2987,2.9316,shale,2,4
954,11151.5,8.652,399.2331,99.3697,162.2121,0.2775,2.2959,2.8974,shale,2,4
955,11152.0,8.6745,379.1966,98.9326,161.2365,0.2522,2.3133,2.9241,shale,2,4
956,11152.5,8.5958,388.9188,98.5652,159.1181,0.2416,2.3235,3.0523,shale,2,4
957,11153.0,8.652,448.7312,96.8414,151.3058,0.2705,2.3156,3.2038,shale,2,4
958,11153.5,8.652,493.3202,90.282,140.967,0.276,2.2928,3.318,shale,2,4
959,11154.0,8.6071,503.0363,81.6179,131.4577,0.2893,2.2756,3.3824,shale,2,4
960,11154.5,8.652,469.8415,71.4193,123.1304,0.2883,2.2809,3.3918,shale,2,4
961,11155.0,8.6071,439.7718,68.4872,117.3513,0.322,2.3091,3.3831,shale,2,4
962,11155.5,8.652,477.5514,67.0768,114.2031,0.3431,2.3366,3.482,shale,2,4
963,11156.0,8.652,566.9682,66.3937,112.631,0.3215,2.3807,3.6124,shale,2,1
964,11156.5,8.6296,576.2603,65.0728,113.1341,0.2593,2.4464,3.6572,shale,2,1
965,11157.0,8.6745,440.0924,64.8141,111.9438,0.1867,2.535,3.5462,shale,2,4
966,11157.5,8.6633,252.5864,65.1126,110.0731,0.1418,2.5883,3.4963,shale,2,3
967,11158.0,8.6745,153.3157,64.9336,108.7287,0.133,2.6269,3.5239,shale,2,0
968,11158.5,8.6745,115.9341,64.3589,107.5368,0.1349,2.643,3.6341,shale,2,0
969,11159.0,8.652,96.3434,62.8497,106.8579,0.1179,2.6704,3.6633,shale,2,0
970,11159.5,8.6745,81.788,62.5012,106.3298,0.1016,2.6646,3.7391,shale,2,0
971,11160.0,8.7195,87.0239,62.3833,105.9179,0.0918,2.6488,3.7881,shale,2,0
972,11160.5,8.6745,88.6714,62.3086,105.8415,0.1012,2.6395,3.8211,shale,2,0
973,11161.0,8.6745,94.3534,61.3889,105.8227,0.1063,2.6453,3.7873,shale,2,0
974,11161.5,8.6296,90.5057,61.2571,105.5051,0.11,2.6519,3.7337,shale,2,0
975,11162.0,8.652,91.7019,61.4708,104.0071,0.11,2.6431,3.7008,shale,2,0
976,11162.5,8.6296,81.8498,60.683,102.4272,0.1074,2.6383,3.6614,shale,2,0
977,11163.0,8.5846,78.0692,58.5179,101.1758,0.1085,2.6418,3.6368,shale,2,0
978,11163.5,8.5958,74.1815,55.3779,100.4029,0.1044,2.6434,3.6518,shale,2,0
979,11164.0,8.697,76.2337,54.5339,100.1979,0.0977,2.6462,3.6889,shale,2,0
980,11164.5,8.7195,73.5422,56.3224,101.2608,0.0828,2.6458,3.7761,shale,2,0
981,11165.0,8.6296,72.645,58.3295,102.5324,0.0597,2.6554,3.944,shale,2,0
982,11165.5,8.6296,64.1801,61.0318,104.163,0.031,2.6662,4.2261,shale,2,2
983,11166.0,8.7083,54.0123,61.5278,106.0656,0.0146,2.6781,4.5152,shale,2,2
984,11166.5,8.697,44.7417,60.6447,105.7428,0.0125,2.6837,4.6456,clean,1,2
985,11167.0,8.6858,49.8719,59.0217,103.8128,0.0144,2.6718,4.5679,clean,1,2
986,11167.5,8.742,66.0208,58.3418,103.2097,0.0209,2.6479,4.2894,shale,2,2
987,11168.0,8.8545,79.0281,60.9765,103.7623,0.0314,2.6254,3.9391,shale,2,0
988,11168.5,8.8095,89.8637,63.05,104.6099,0.0565,2.62,3.6578,shale,2,0
989,11169.0,8.7195,85.378,64.3526,105.2009,0.0667,2.6306,3.5762,shale,2,0
990,11169.5,8.5846,82.0433,63.5272,105.8871,0.067,2.643,3.6883,shale,2,0
991,11170.0,8.6071,72.4736,63.5678,106.4863,0.0545,2.6435,3.83,shale,2,0
992,11170.5,8.6296,71.0375,64.4427,106.8583,0.0547,2.6347,3.8589,shale,2,2
993,11171.0,8.6071,73.626,64.5343,106.2504,0.076,2.634,3.7212,shale,2,0
994,11171.5,8.652,73.3269,64.2388,105.6836,0.0816,2.637,3.5765,shale,2,0
995,11172.0,8.6296,79.8469,62.3034,105.2759,0.0785,2.6444,3.5033,shale,2,0
996,11172.5,8.6745,80.5931,60.1018,105.3327,0.0757,2.6354,3.5411,shale,2,0
997,11173.0,8.697,84.1817,58.5352,105.5417,0.095,2.6334,3.5382,shale,2,0
998,11173.5,8.652,84.0746,59.414,106.1492,0.1027,2.6405,3.5192,shale,2,0
999,11174.0,8.697,81.8331,62.4783,107.1027,0.0785,2.6485,3.6131,shale,2,0
1000,11174.5,8.7195,76.7492,64.518,109.1377,0.0492,2.6561,3.8135,shale,2,0
1001,11175.0,8.7195,69.5669,64.9603,109.8143,0.0341,2.6483,3.9895,shale,2,2
1002,11175.5,8.7195,69.2678,64.7909,110.1813,0.0423,2.6406,3.9388,shale,2,2
1003,11176.0,8.6745,79.4356,64.7028,110.1324,0.0608,2.6184,3.7915,shale,2,0
1004,11176.5,8.6745,84.3093,65.2751,110.2362,0.0872,2.607,3.6282,shale,2,0
1005,11177.0,8.652,85.2065,65.1327,110.6434,0.0994,2.5992,3.6068,shale,2,0
1006,11177.5,8.6296,85.3146,65.4823,111.6495,0.1069,2.6147,3.5997,shale,2,0
1007,11178.0,8.6071,90.4219,65.7522,111.9019,0.1107,2.6177,3.6754,shale,2,0
1008,11178.5,8.6071,98.7953,66.3967,112.2753,0.1081,2.6214,3.7147,shale,2,0
1009,11179.0,8.6296,97.2562,66.8513,112.7013,0.1003,2.6195,3.7155,shale,2,0
1010,11179.5,8.652,91.2752,68.3815,112.9632,0.1044,2.6214,3.6758,shale,2,0
1011,11180.0,8.6745,83.234,67.5809,113.4777,0.1091,2.6215,3.654,shale,2,0
1012,11180.5,8.6745,86.0203,67.4566,113.2139,0.1147,2.6139,3.7062,shale,2,0
1013,11181.0,8.697,91.7023,67.3824,112.9888,0.099,2.6101,3.736,shale,2,0
1014,11181.5,8.7195,96.0915,67.329,112.1915,0.1028,2.6142,3.7044,shale,2,0
1015,11182.0,8.787,89.0542,68.4466,111.9838,0.102,2.6222,3.6532,shale,2,0
1016,11182.5,8.7645,86.9608,68.6433,111.9506,0.107,2.6294,3.6473,shale,2,0
1017,11183.0,8.742,85.9348,68.88,111.9123,0.1027,2.6288,3.6908,shale,2,0
1018,11183.5,8.742,99.9903,68.3714,111.8449,0.1101,2.6187,3.755,shale,2,0
1019,11184.0,8.7195,105.7404,68.2523,112.1646,0.1206,2.6104,3.7939,shale,2,0
1020,11184.5,8.6745,100.8487,68.4957,112.7512,0.1219,2.6157,3.7988,shale,2,0
1021,11185.0,8.652,92.7743,67.6594,113.6672,0.1142,2.6306,3.778,shale,2,0
1022,11185.5,8.6296,87.3609,67.1583,114.8752,0.1181,2.6264,3.8305,shale,2,0
1023,11186.0,8.6071,92.733,66.8521,115.9098,0.1265,2.6195,3.8818,shale,2,0
1024,11186.5,8.5846,91.5368,66.8627,116.8178,0.1327,2.6164,3.919,shale,2,0
1025,11187.0,8.6071,94.8981,66.2785,120.5136,0.1175,2.6302,3.8961,shale,2,0
1026,11187.5,8.6071,94.9089,64.7583,126.5169,0.1161,2.6352,3.9016,shale,2,0
1027,11188.0,8.6296,91.3543,72.8331,137.3352,0.114,2.6298,3.9913,shale,2,0
1028,11188.5,8.6071,84.3999,84.3632,156.5733,0.107,2.6381,4.132,shale,2,0
1029,11189.0,8.6296,96.063,95.9952,167.641,0.088,2.6541,4.2931,shale,2,0
1030,11189.5,8.6745,160.1401,107.1809,173.6098,0.0879,2.6387,4.3786,shale,2,3
1031,11190.0,8.6745,305.4279,107.4594,174.1426,0.1546,2.5626,4.316,shale,2,3
1032,11190.5,8.697,478.2803,105.6248,171.7958,0.2466,2.4399,4.1769,shale,2,4
1033,11191.0,8.7195,608.5831,103.2214,165.9304,0.3246,2.3419,3.9839,shale,2,1
1034,11191.5,8.6745,660.6367,101.4196,163.1092,0.3409,2.3003,3.7843,shale,2,1
1035,11192.0,8.652,660.9052,100.5346,162.0983,0.3132,2.2918,3.5733,shale,2,1
1036,11192.5,8.652,632.2258,100.347,161.3176,0.3166,2.2889,3.3831,shale,2,1
1037,11193.0,8.6296,601.7225,100.5821,160.5027,0.3026,2.2829,3.2328,shale,2,1
1038,11193.5,8.6296,572.0793,98.4189,160.2114,0.3234,2.2754,3.1345,shale,2,1
1039,11194.0,8.6296,542.868,90.0088,159.9272,0.3163,2.2809,3.0442,shale,2,4
1040,11194.5,8.5621,491.3089,90.9358,159.7008,0.305,2.2707,3.0231,shale,2,4
1041,11195.0,8.6296,445.9205,92.5129,161.4756,0.2763,2.2741,3.0046,shale,2,4
1042,11195.5,8.697,453.3514,96.5766,165.2696,0.2523,2.2632,3.0507,shale,2,4
1043,11196.0,8.5846,512.0389,102.9436,170.5289,0.2594,2.271,3.1139,shale,2,4
1044,11196.5,8.5396,594.2784,106.2626,175.595,0.2959,2.2899,3.2017,shale,2,1
1045,11197.0,8.6296,676.275,108.3322,176.0768,0.3279,2.3027,3.3687,shale,2,1
1046,11197.5,8.652,772.9896,105.5078,172.0284,0.3528,2.3021,3.5993,shale,2,1
1047,11198.0,8.6745,815.7024,101.2399,163.1681,0.3447,2.3173,3.7783,shale,2,1
1048,11198.5,8.652,726.6232,93.6199,152.4414,0.3081,2.3853,3.7541,shale,2,1
1049,11199.0,8.6745,515.7194,88.7653,145.9437,0.2627,2.4794,3.5754,shale,2,4
1050,11199.5,8.6745,310.2154,85.6926,142.7786,0.2119,2.5421,3.4179,shale,2,3
1051,11200.0,8.652,201.8232,86.4739,142.0867,0.1931,2.5553,3.3808,shale,2,3
1052,11200.5,8.652,165.0397,86.8543,142.7065,0.2018,2.545,3.4133,shale,2,3
1053,11201.0,8.6296,164.5272,87.7107,145.3916,0.2162,2.5409,3.431,shale,2,3
1054,11201.5,8.6296,166.6232,89.0613,145.1957,0.2153,2.5432,3.4293,shale,2,3
1055,11202.0,8.6745,172.9033,89.0137,147.6025,0.2012,2.5465,3.4152,shale,2,3
1056,11202.5,8.652,167.3233,89.7327,149.149,0.187,2.5427,3.421,shale,2,3
1057,11203.0,8.6296,162.7655,91.0723,150.2354,0.1821,2.5403,3.3995,shale,2,3
1058,11203.5,8.652,163.9617,91.9719,150.973,0.1989,2.5427,3.3405,shale,2,3
1059,11204.0,8.6745,174.2222,91.9957,150.4221,0.2065,2.5487,3.2819,shale,2,3
1060,11204.5,8.697,180.8014,92.5263,149.9003,0.2163,2.5545,3.2647,shale,2,3
1061,11205.0,8.742,182.3612,92.3182,149.436,0.2084,2.5544,3.3241,shale,2,3
1062,11205.5,8.7308,173.5837,90.9663,148.6311,0.2185,2.5519,3.414,shale,2,3
1063,11206.0,8.7195,175.378,90.522,146.9301,0.2246,2.5571,3.4586,shale,2,3
1064,11206.5,8.7195,176.7233,91.5022,141.456,0.2422,2.557,3.4947,shale,2,3
1065,11207.0,8.7083,165.8887,88.447,131.3678,0.2504,2.5668,3.5678,shale,2,3
1066,11207.5,8.652,141.6655,78.976,119.4409,0.2068,2.5745,3.8878,shale,2,0
1067,11208.0,8.6296,95.493,65.6344,112.0946,0.1261,2.6134,4.3532,shale,2,0
1068,11208.5,8.6071,60.8029,55.0023,103.7193,0.0435,2.659,4.8414,shale,2,2
1069,11209.0,8.6296,27.7821,52.5267,99.7786,0.0172,2.6976,5.1372,clean,1,2
1070,11209.5,8.652,22.0048,52.6553,97.588,0.0124,2.7194,5.2118,clean,1,2
1071,11210.0,8.6296,19.6124,52.9561,95.3849,0.0118,2.7239,5.214,clean,1,2
1072,11210.5,8.6296,21.1514,53.0098,98.314,0.0092,2.7316,5.1704,clean,1,2
1073,11211.0,8.652,21.7496,54.3406,99.6437,0.0087,2.732,5.149,clean,1,2
1074,11211.5,8.6745,23.5439,53.3546,99.9668,0.0095,2.7282,5.11,clean,1,2
1075,11212.0,8.6745,26.3655,54.7637,101.1716,0.0133,2.7272,5.0085,clean,1,2
1076,11212.5,8.697,36.5333,55.4738,103.7557,0.0191,2.7156,4.8673,clean,1,2
1077,11213.0,8.697,49.3926,58.7143,106.7123,0.0376,2.7066,4.5556,clean,1,2
1078,11213.5,8.6745,67.092,64.543,111.6532,0.078,2.6916,4.1727,shale,2,2
1079,11214.0,8.6745,82.3437,67.1816,114.2369,0.1189,2.6783,3.8049,shale,2,0
1080,11214.5,8.697,91.3153,69.3815,116.7496,0.14,2.6712,3.5751,shale,2,0
1081,11215.0,8.652,102.3453,70.5113,116.9139,0.1537,2.6607,3.5227,shale,2,0
1082,11215.5,8.6745,101.7472,68.9675,113.6465,0.1524,2.6663,3.4972,shale,2,0
1083,11216.0,8.6745,102.3453,65.9551,112.1879,0.1481,2.6589,3.5533,shale,2,0
1084,11216.5,8.6745,89.5197,66.8855,111.5456,0.1257,2.6549,3.5754,shale,2,0
1085,11217.0,8.652,90.1178,65.6746,111.7919,0.1238,2.6448,3.5966,shale,2,0
1086,11217.5,8.6296,95.6552,65.8193,114.5799,0.138,2.644,3.5751,shale,2,0
1087,11218.0,8.6296,106.9162,68.7672,116.6409,0.1574,2.654,3.5358,shale,2,0
1088,11218.5,8.6745,104.8228,68.6791,117.436,0.1595,2.6627,3.5215,shale,2,0
1089,11219.0,8.652,112.7748,70.3306,120.6457,0.1546,2.6765,3.4797,shale,2,0
1090,11219.5,8.697,121.7463,70.4822,118.4866,0.1459,2.6731,3.4817,shale,2,0
1091,11220.0,8.697,127.7274,70.5885,116.3276,0.1486,2.6748,3.4587,shale,2,0
1092,11220.5,8.7195,115.1582,70.6965,116.0229,0.1495,2.6705,3.4715,shale,2,0
1093,11221.0,8.697,109.1772,69.9504,115.0314,0.1566,2.6767,3.4662,shale,2,0
1094,11221.5,8.7195,103.7942,70.7041,115.9282,0.1602,2.6708,3.515,shale,2,0
1095,11222.0,8.697,110.7201,69.4336,114.1275,0.1559,2.6676,3.5416,shale,2,0
1096,11222.5,8.6745,99.3561,69.2158,114.5491,0.142,2.6547,3.6018,shale,2,0
1097,11223.0,8.6745,98.4985,68.4925,114.1938,0.1343,2.656,3.5953,shale,2,0
1098,11223.5,8.6745,87.9508,68.2042,114.4234,0.1468,2.6539,3.599,shale,2,0
1099,11224.0,8.652,91.8384,68.5658,114.4338,0.1699,2.6543,3.5888,shale,2,0
1100,11224.5,8.652,102.0189,67.9523,114.0828,0.1746,2.6498,3.6325,shale,2,0
1101,11225.0,8.6183,101.7627,67.7943,113.6027,0.1659,2.6569,3.6535,shale,2,0
1102,11225.5,8.652,100.2674,66.9428,113.2191,0.1377,2.6737,3.6184,shale,2,0
1103,11226.0,8.652,89.3859,66.83,112.2206,0.1301,2.6815,3.5778,shale,2,0
1104,11226.5,8.697,90.5496,68.3958,112.3108,0.115,2.6791,3.575,shale,2,0
1105,11227.0,8.697,97.1743,69.1167,111.9272,0.1349,2.681,3.5916,shale,2,0
1106,11227.5,8.652,97.2376,68.539,113.3377,0.1374,2.6808,3.6224,shale,2,0
1107,11228.0,8.6745,95.049,67.3142,114.6457,0.1484,2.6846,3.5956,shale,2,0
1108,11228.5,8.697,87.2639,66.8684,116.6521,0.1487,2.6824,3.548,shale,2,0
1109,11229.0,8.697,88.4487,68.524,118.5343,0.1523,2.6676,3.5145,shale,2,0
1110,11229.5,8.652,93.6083,72.0051,119.3219,0.1731,2.6484,3.5102,shale,2,0
1111,11230.0,8.6745,97.7592,73.1473,119.0737,0.1812,2.6227,3.5518,shale,2,0
1112,11230.5,8.6633,101.1284,72.8885,117.3178,0.1904,2.6291,3.5278,shale,2,0
1113,11231.0,8.652,98.7555,69.7034,114.1101,0.186,2.6375,3.52,shale,2,0
1114,11231.5,8.6745,89.7839,66.6677,111.0719,0.1808,2.6481,3.4926,shale,2,0
1115,11232.0,8.652,80.5494,63.7273,106.6368,0.1783,2.6452,3.4732,shale,2,0
1116,11232.5,8.6296,71.2788,62.4808,105.5021,0.1766,2.6463,3.419,shale,2,2
1117,11233.0,8.6296,68.6452,62.684,106.8196,0.1721,2.6472,3.3906,shale,2,2
1118,11233.5,8.6296,68.84,63.5767,109.9787,0.1663,2.6617,3.358,shale,2,2
1119,11234.0,8.652,77.1176,65.2097,112.326,0.1704,2.6578,3.4194,shale,2,0
1120,11234.5,8.6745,86.3684,66.4798,114.5694,0.1759,2.6593,3.4637,shale,2,0
1121,11235.0,8.6745,93.8326,67.057,115.9791,0.1749,2.6546,3.5095,shale,2,0
1122,11235.5,8.697,97.5581,68.8524,117.3157,0.18,2.6568,3.5133,shale,2,0
1123,11236.0,8.7195,102.634,70.4653,115.3911,0.1938,2.6561,3.5111,shale,2,0
1124,11236.5,8.6745,102.3471,70.4584,114.1025,0.2097,2.6518,3.5251,shale,2,0
1125,11237.0,8.697,99.1658,68.9697,112.1691,0.1994,2.647,3.5486,shale,2,0
1126,11237.5,8.6858,93.4538,66.0637,111.9735,0.1776,2.6524,3.5276,shale,2,0
1127,11238.0,8.697,85.5687,64.5342,113.0147,0.1607,2.6569,3.501,shale,2,0
1128,11238.5,8.6745,85.1203,66.5329,113.4932,0.1543,2.6798,3.4096,shale,2,0
1129,11239.0,8.6745,81.1229,66.6802,114.7652,0.1695,2.6884,3.374,shale,2,0
1130,11239.5,8.6745,95.8862,68.3652,116.1856,0.1755,2.6898,3.366,shale,2,0
1131,11240.0,8.652,102.4909,69.5529,115.7757,0.1774,2.6737,3.422,shale,2,0
1132,11240.5,8.6296,111.8712,68.5807,115.4415,0.1806,2.6562,3.4982,shale,2,0
1133,11241.0,8.6071,103.9987,67.7993,117.0118,0.1861,2.6531,3.5336,shale,2,0
1134,11241.5,8.6296,95.634,67.1712,116.7577,0.193,2.6609,3.5172,shale,2,0
1135,11242.0,8.652,94.9381,68.6803,117.8547,0.1902,2.6636,3.5005,shale,2,0
1136,11242.5,8.6745,96.2315,68.9006,117.3879,0.1998,2.6516,3.5495,shale,2,0
1137,11243.0,8.652,98.6964,69.1676,116.086,0.1988,2.6429,3.5898,shale,2,0
1138,11243.5,8.6745,90.4207,68.7218,114.3199,0.1987,2.6439,3.5938,shale,2,0
1139,11244.0,8.6745,88.3929,66.4031,110.5596,0.1894,2.6517,3.552,shale,2,0
1140,11244.5,8.6745,81.1088,65.1837,110.1007,0.1622,2.6621,3.5013,shale,2,0
1141,11245.0,8.697,85.3173,62.8676,106.903,0.1426,2.676,3.4362,shale,2,0
1142,11245.5,8.697,81.6631,63.0286,107.1561,0.1239,2.6927,3.3488,shale,2,0
1143,11246.0,8.697,87.6646,65.2288,110.8655,0.1399,2.695,3.2988,shale,2,0
1144,11246.5,8.697,87.3438,65.3315,110.3484,0.1429,2.6845,3.3031,shale,2,0
1145,11247.0,8.6745,88.1451,66.3333,112.0819,0.154,2.6742,3.3298,shale,2,0
1146,11247.5,8.6745,83.3697,65.7426,113.1138,0.1527,2.6615,3.3762,shale,2,0
1147,11248.0,8.6745,82.1204,64.7374,111.9725,0.1632,2.652,3.4033,shale,2,0
1148,11248.5,8.6296,83.1511,66.779,113.3846,0.1688,2.6406,3.4343,shale,2,0
1149,11249.0,8.652,88.9209,67.5838,109.252,0.1941,2.636,3.4719,shale,2,0
1150,11249.5,8.652,88.9739,63.5665,103.7185,0.1844,2.6465,3.4997,shale,2,0
1151,11250.0,8.6745,82.8441,62.2728,103.9691,0.1467,2.6542,3.5497,shale,2,0
1152,11250.5,8.6745,80.9323,58.7319,99.4459,0.1072,2.668,3.5332,shale,2,0
1153,11251.0,8.6745,77.3436,59.2147,99.1239,0.0895,2.6655,3.5311,shale,2,0
1154,11251.5,8.6745,77.3436,60.5153,102.3485,0.1063,2.6682,3.5059,shale,2,0
1155,11252.0,8.6745,70.4654,58.8572,101.475,0.1058,2.6699,3.5358,shale,2,2
1156,11252.5,8.6745,68.9017,60.3769,108.9508,0.1065,2.6816,3.5571,shale,2,2
1157,11253.0,8.6745,80.4448,61.1535,113.7199,0.1158,2.6911,3.5607,shale,2,0
1158,11253.5,8.6745,88.2202,64.8575,114.9744,0.1334,2.6973,3.5053,shale,2,0
1159,11254.0,8.6745,103.8253,68.7139,118.4589,0.1586,2.6894,3.4568,shale,2,0
1160,11254.5,8.6633,110.0895,70.5567,117.98,0.1745,2.6721,3.4523,shale,2,0
1161,11255.0,8.6745,114.1791,69.8186,116.2428,0.192,2.6565,3.4792,shale,2,0
1162,11255.5,8.7195,110.3055,68.7474,116.2508,0.2067,2.6519,3.5047,shale,2,0
1163,11256.0,8.6296,103.7848,67.2711,115.3546,0.2242,2.6599,3.4795,shale,2,0
1164,11256.5,8.6296,107.7696,67.7287,115.2641,0.2396,2.6656,3.4539,shale,2,0
1165,11257.0,8.6296,108.3507,66.9272,113.7865,0.2294,2.6895,3.3691,shale,2,0
1166,11257.5,8.652,102.259,64.5995,112.2628,0.2004,2.7006,3.3309,shale,2,0
1167,11258.0,8.6745,92.9884,65.4779,113.399,0.1725,2.7008,3.3345,shale,2,0
1168,11258.5,8.6296,93.5014,64.7856,109.202,0.1711,2.6738,3.4254,shale,2,0
1169,11259.0,8.652,97.3891,64.5157,110.4766,0.173,2.667,3.4679,shale,2,0
1170,11259.5,8.6633,95.5276,63.397,108.4769,0.1621,2.6719,3.4715,shale,2,0
1171,11260.0,8.6745,89.9476,62.871,112.4681,0.1408,2.6887,3.4142,shale,2,0
1172,11260.5,8.6745,85.4823,64.6781,117.4201,0.1188,2.6941,3.3843,shale,2,0
1173,11261.0,8.697,84.3533,67.0885,118.9411,0.1092,2.6963,3.3766,shale,2,0
1174,11261.5,8.7083,85.5725,68.6951,121.4372,0.1317,2.6839,3.4661,shale,2,0
1175,11262.0,8.6745,90.6359,69.1004,120.8985,0.1703,2.6685,3.5808,shale,2,0
1176,11262.5,8.6745,97.3748,68.3295,116.4926,0.2003,2.6507,3.6772,shale,2,0
1177,11263.0,8.6745,105.7761,64.9401,111.8086,0.2356,2.64,3.7033,shale,2,0
1178,11263.5,8.6071,106.8317,62.7986,105.7702,0.233,2.6582,3.6,shale,2,0
1179,11264.0,8.6071,101.8871,61.1757,102.7401,0.2164,2.6845,3.4852,shale,2,0
1180,11264.5,8.652,90.9208,58.8271,101.1776,0.1639,2.7026,3.4049,shale,2,0
1181,11265.0,8.652,82.9869,57.7276,99.6218,0.1487,2.7088,3.3758,shale,2,0
1182,11265.5,8.6745,78.7305,57.3362,98.0678,0.1356,2.7086,3.3527,shale,2,0
1183,11266.0,8.6745,72.0019,57.1514,94.9447,0.1178,2.7115,3.3113,shale,2,0
1184,11266.5,8.652,65.6083,56.4244,93.3954,0.0854,2.7145,3.2682,shale,2,2
1185,11267.0,8.652,64.1827,56.4366,93.982,0.0832,2.7198,3.2347,shale,2,2
1186,11267.5,8.697,61.6768,57.1006,98.2722,0.0859,2.7335,3.1827,shale,2,2
1187,11268.0,8.652,59.996,58.9477,101.0362,0.0898,2.7349,3.1635,shale,2,2
1188,11268.5,8.6745,56.5294,61.4721,105.2216,0.0726,2.7217,3.1667,shale,2,2
1189,11269.0,8.652,55.7705,62.9261,112.8555,0.0618,2.7123,3.1492,shale,2,2
1190,11269.5,8.7195,59.9917,64.343,115.0239,0.0734,2.7041,3.1349,shale,2,2
1191,11270.0,8.697,73.3651,65.4145,116.9027,0.0972,2.696,3.18,shale,2,0
1192,11270.5,8.6745,82.8143,67.2464,119.1546,0.1136,2.6828,3.2891,shale,2,0
1193,11271.0,8.6745,90.5551,68.5036,122.572,0.1138,2.6744,3.4021,shale,2,0
1194,11271.5,8.652,97.4647,68.7951,122.4515,0.1242,2.6745,3.4683,shale,2,0
1195,11272.0,8.6745,110.1208,68.6158,122.6556,0.1416,2.6762,3.5194,shale,2,0
1196,11272.5,8.6745,117.2823,68.5798,122.9761,0.1701,2.6648,3.618,shale,2,0
1197,11273.0,8.6745,123.493,68.6701,123.58,0.1873,2.6616,3.6829,shale,2,0
1198,11273.5,8.652,122.9244,68.9857,123.4068,0.2116,2.6618,3.7209,shale,2,0
1199,11274.0,8.6296,125.0334,69.1648,122.5762,0.2137,2.6657,3.72,shale,2,0
1200,11274.5,8.6071,118.4543,69.3232,122.1692,0.1967,2.6666,3.6927,shale,2,0
1201,11275.0,8.697,118.9673,70.3045,122.1945,0.1916,2.6644,3.6508,shale,2,0
1202,11275.5,8.697,120.4625,70.4407,123.9144,0.2007,2.6546,3.6663,shale,2,0
1203,11276.0,8.6745,118.5224,70.777,123.7907,0.2119,2.6387,3.7424,shale,2,0
1204,11276.5,8.7645,116.7837,70.7066,123.2282,0.1906,2.6201,3.8306,shale,2,0
1205,11277.0,8.7195,112.3701,69.7703,123.3021,0.1948,2.6316,3.819,shale,2,0
1206,11277.5,8.7645,121.2434,69.094,124.5989,0.2036,2.6476,3.7914,shale,2,0
1207,11278.0,8.742,116.7876,68.6764,124.0819,0.2355,2.6602,3.748,shale,2,0
1208,11278.5,8.652,112.5698,68.5202,124.3851,0.2295,2.6467,3.7646,shale,2,0
1209,11279.0,8.7195,106.4776,68.544,123.0621,0.2082,2.6415,3.737,shale,2,0
1210,11279.5,8.652,107.0457,68.9196,121.448,0.1779,2.6414,3.7319,shale,2,0
1211,11280.0,8.6071,110.7903,70.338,122.4725,0.1703,2.6467,3.7073,shale,2,0
1212,11280.5,8.6296,107.856,70.4495,122.9054,0.1931,2.6531,3.6809,shale,2,0
1213,11281.0,8.6296,121.9473,70.6481,123.4895,0.2015,2.6519,3.6866,shale,2,0
1214,11281.5,8.6296,127.1332,70.8531,123.4281,0.1998,2.6532,3.7051,shale,2,0
1215,11282.0,8.652,132.1601,70.5917,122.6899,0.1841,2.652,3.734,shale,2,0
1216,11282.5,8.6296,122.2556,70.4526,122.2206,0.1866,2.6453,3.7757,shale,2,0
1217,11283.0,8.652,114.761,68.9829,121.3707,0.2052,2.6428,3.7927,shale,2,0
1218,11283.5,8.6745,116.3132,68.5391,119.6688,0.2071,2.6306,3.8686,shale,2,0
1219,11284.0,8.6745,113.6083,68.4797,118.5261,0.2111,2.6397,3.865,shale,2,0
1220,11284.5,8.6296,117.562,68.3497,117.1781,0.1934,2.6526,3.8253,shale,2,0
1221,11285.0,8.6745,119.5544,67.0934,115.8812,0.1937,2.6647,3.7605,shale,2,0
1222,11285.5,8.6745,118.3716,66.4577,114.9348,0.1918,2.6669,3.7439,shale,2,0
1223,11286.0,8.652,115.0779,65.541,113.868,0.1919,2.6586,3.7896,shale,2,0
1224,11286.5,8.6745,106.622,65.0769,112.0577,0.1917,2.6477,3.8358,shale,2,0
1225,11287.0,8.6745,106.5626,64.6345,112.0403,0.1933,2.651,3.7992,shale,2,0
1226,11287.5,8.652,102.6312,64.2836,111.8739,0.2041,2.6534,3.751,shale,2,0
1227,11288.0,8.652,105.207,63.837,111.8883,0.2016,2.6694,3.6532,shale,2,0
1228,11288.5,8.652,99.0507,63.7491,111.838,0.1768,2.6807,3.5572,shale,2,0
1229,11289.0,8.652,91.5485,64.2449,111.8507,0.1489,2.7033,3.4065,shale,2,0
1230,11289.5,8.652,80.4835,63.7399,111.8756,0.1297,2.7103,3.3243,shale,2,0
1231,11290.0,8.6071,74.1391,63.7559,111.899,0.1395,2.7125,3.3059,shale,2,0
1232,11290.5,8.6071,86.7083,63.7932,111.9386,0.1639,2.6948,3.3672,shale,2,0
1233,11291.0,8.652,98.0723,64.2758,111.9298,0.1959,2.6716,3.445,shale,2,0
1234,11291.5,8.6296,107.7514,64.3526,111.8424,0.2043,2.6474,3.5008,shale,2,0
1235,11292.0,8.652,105.3759,64.3462,111.813,0.1906,2.6371,3.517,shale,2,0
1236,11292.5,8.6745,102.501,64.3017,111.8282,0.1667,2.6444,3.4734,shale,2,0
1237,11293.0,8.697,98.8403,64.3234,111.8488,0.1558,2.6534,3.4425,shale,2,0
1238,11293.5,8.6858,90.4151,64.3676,111.849,0.1471,2.6614,3.4269,shale,2,0
1239,11294.0,8.6745,84.3184,64.2421,111.8382,0.1415,2.6572,3.4514,shale,2,0
1240,11294.5,8.697,91.5703,64.2725,111.8305,0.1552,2.647,3.5015,shale,2,0
1241,11295.0,8.6745,108.0699,63.7292,111.8092,0.203,2.6359,3.5622,shale,2,0
1242,11295.5,8.6408,117.5389,64.3144,111.8678,0.2431,2.6436,3.5778,shale,2,0
1243,11296.0,8.652,109.6515,63.8068,111.8611,0.2285,2.6577,3.568,shale,2,0
1244,11296.5,8.6408,98.0528,63.796,111.9375,0.1826,2.6804,3.5128,shale,2,0
1245,11297.0,8.652,77.5189,64.4252,112.0017,0.1472,2.6934,3.4626,shale,2,0
1246,11297.5,8.6408,73.3501,64.4135,111.9673,0.1444,2.6974,3.4399,shale,2,0
1247,11298.0,8.6296,67.0057,64.4074,111.9429,0.1495,2.6942,3.466,shale,2,2
1248,11298.5,8.5958,72.3803,64.3431,111.8836,0.1565,2.7012,3.4871,shale,2,0
1249,11299.0,8.6071,70.8966,64.2365,111.9278,0.1616,2.7052,3.5242,shale,2,2
1250,11299.5,8.652,75.9805,63.7544,111.8869,0.1607,2.6995,3.5602,shale,2,0
1251,11300.0,8.652,79.3401,63.7722,111.9385,0.1577,2.6833,3.5808,shale,2,0
1252,11300.5,8.6745,82.6002,63.7736,111.9608,0.1512,2.6719,3.5481,shale,2,0
1253,11301.0,8.6745,78.9598,63.7655,111.9119,0.1577,2.6713,3.4676,shale,2,0
1254,11301.5,8.697,86.417,63.9183,111.8982,0.1544,2.676,3.3926,shale,2,0
1255,11302.0,8.652,93.8384,64.2141,111.9512,0.1731,2.6845,3.3451,shale,2,0
1256,11302.5,8.6745,101.3664,63.8393,111.9381,0.1703,2.683,3.3758,shale,2,0
1257,11303.0,8.6296,104.1698,64.2705,111.9369,0.1901,2.6745,3.4463,shale,2,0
1258,11303.5,8.652,107.2153,64.3557,111.9164,0.183,2.6644,3.4844,shale,2,0
1259,11304.0,8.652,114.5922,63.8007,111.9336,0.1981,2.659,3.4696,shale,2,0
1260,11304.5,8.5846,122.5121,64.2765,111.958,0.189,2.6549,3.4486,shale,2,0
1261,11305.0,8.6071,128.7378,63.7541,111.9273,0.2123,2.6414,3.5201,shale,2,0
1262,11305.5,8.6071,126.4449,63.7591,111.9584,0.2033,2.63,3.6175,shale,2,0
1263,11306.0,8.6071,116.2771,63.5992,111.9296,0.2184,2.6242,3.6898,shale,2,0
1264,11306.5,8.6071,112.4294,63.7252,111.9536,0.2014,2.6301,3.7055,shale,2,0
1265,11307.0,8.6071,109.7379,63.8062,111.9997,0.2177,2.6364,3.7592,shale,2,0
1266,11307.5,8.6071,106.3425,63.7465,111.9461,0.2043,2.6511,3.8266,shale,2,0
1267,11308.0,8.652,94.3947,63.7618,111.974,0.1837,2.6605,3.8976,shale,2,0
1268,11308.5,8.6745,85.2709,64.1915,111.9839,0.166,2.6682,3.8797,shale,2,0
1269,11309.0,8.652,88.0683,63.7791,112.0203,0.1587,2.6653,3.8152,shale,2,0
1270,11309.5,8.6745,88.1865,63.7086,112.0075,0.1751,2.6659,3.7097,shale,2,0
1271,11310.0,8.6745,91.7777,63.7701,112.0278,0.1662,2.6664,3.6205,shale,2,0
1272,11310.5,8.697,90.8805,64.2867,112.0161,0.1727,2.6674,3.5526,shale,2,0
1273,11311.0,8.7195,92.8557,63.9531,112.079,0.1633,2.6569,3.5346,shale,2,0
1274,11311.5,8.697,91.5731,64.1969,112.1175,0.1702,2.6487,3.5347,shale,2,0
1275,11312.0,8.6745,88.2835,64.2131,112.0749,0.1714,2.6356,3.5877,shale,2,0
1276,11312.5,8.6745,86.8513,64.1868,112.0427,0.1797,2.6433,3.5919,shale,2,0
1277,11313.0,8.652,85.0557,64.2306,112.0861,0.1753,2.652,3.587,shale,2,0
1278,11313.5,8.6745,82.568,63.8012,112.0679,0.1696,2.662,3.5542,shale,2,0
1279,11314.0,8.6296,85.4219,63.8492,112.0126,0.178,2.6677,3.5206,shale,2,0
1280,11314.5,8.6296,84.7702,64.3129,111.9587,0.1874,2.6683,3.4981,shale,2,0
1281,11315.0,8.652,86.8591,63.9652,112.0085,0.2038,2.6719,3.4705,shale,2,0
1282,11315.5,8.652,82.447,63.8098,114.2572,0.199,2.6732,3.4619,shale,2,0
1283,11316.0,8.652,81.3251,64.1968,113.3457,0.1963,2.6718,3.4934,shale,2,0
1284,11316.5,8.6745,85.3404,63.7976,112.7193,0.1762,2.6723,3.5332,shale,2,0
1285,11317.0,8.6745,91.3214,63.7556,112.2355,0.171,2.6817,3.5438,shale,2,0
1286,11317.5,8.652,92.9335,63.8417,112.078,0.167,2.6889,3.5286,shale,2,0
1287,11318.0,8.6745,86.8785,63.8075,112.1866,0.1645,2.6842,3.5329,shale,2,0
1288,11318.5,8.697,88.9893,63.7126,112.0812,0.1685,2.6686,3.5708,shale,2,0
1289,11319.0,8.697,105.0572,63.7312,113.1384,0.1801,2.6595,3.6166,shale,2,0
1290,11319.5,8.6745,112.3859,63.921,113.1548,0.1978,2.6557,3.6738,shale,2,0
1291,11320.0,8.652,108.8397,64.2129,113.1014,0.1809,2.6556,3.7098,shale,2,0
1292,11320.5,8.6296,100.275,63.8859,112.9815,0.174,2.6539,3.7192,shale,2,0
1293,11321.0,8.6296,99.8401,63.9126,112.9374,0.1633,2.6462,3.7319,shale,2,0
1294,11321.5,8.6071,103.1041,63.8906,112.957,0.1725,2.6363,3.7492,shale,2,0
1295,11322.0,8.6296,107.3983,64.1947,112.667,0.1701,2.633,3.7629,shale,2,0
1296,11322.5,8.6071,107.416,64.262,112.9114,0.1736,2.6482,3.701,shale,2,0
1297,11323.0,8.6296,105.801,63.8044,113.0418,0.1726,2.6629,3.6522,shale,2,0
1298,11323.5,8.652,101.2498,63.8478,113.0695,0.1621,2.6757,3.6124,shale,2,0
1299,11324.0,8.6296,104.8402,63.8209,113.0381,0.1523,2.674,3.6508,shale,2,0
1300,11324.5,8.652,117.6712,64.279,113.0581,0.1468,2.6647,3.7658,shale,2,0
1301,11325.0,8.6408,127.8916,64.2599,113.1748,0.158,2.6557,3.9528,shale,2,0
1302,11325.5,8.6745,129.7616,64.3509,113.19,0.1583,2.6542,4.1491,shale,2,0
1303,11326.0,8.697,120.3403,63.7493,112.92,0.1583,2.6691,4.2334,shale,2,0
1304,11326.5,8.697,115.942,63.7735,113.1694,0.1509,2.6752,4.2588,shale,2,0
1305,11327.0,8.6745,115.5923,64.2642,113.2413,0.1592,2.6712,4.2638,shale,2,0
1306,11327.5,8.6745,116.3998,63.6417,113.1103,0.1651,2.663,4.2903,shale,2,0
1307,11328.0,8.6745,117.2974,64.2811,113.104,0.1675,2.6666,4.2879,shale,2,0
1308,11328.5,8.6296,117.4677,64.3467,113.001,0.1706,2.6744,4.2699,shale,2,0
1309,11329.0,8.652,120.339,64.422,113.085,0.1733,2.6761,4.2283,shale,2,0
1310,11329.5,8.6296,120.9673,64.4546,113.096,0.1822,2.6831,4.1145,shale,2,0
1311,11330.0,8.6183,118.5447,64.4646,113.1692,0.1835,2.6787,4.0593,shale,2,0
1312,11330.5,8.652,117.3929,64.416,112.8258,0.1868,2.6738,4.0843,shale,2,0
1313,11331.0,8.6296,118.0953,64.416,112.8258,0.1911,2.6566,4.2155,shale,2,0
1314,11331.5,8.6296,121.0713,64.416,112.8258,0.2017,2.6568,4.2441,shale,2,0
1315,11332.0,8.652,116.9293,64.416,112.8258,0.2064,2.6592,4.197,shale,2,0
1316,11332.5,8.6745,112.2774,64.416,112.8258,0.2037,2.6673,4.0963,shale,2,0
1317,11333.0,8.6745,112.5315,64.416,112.8258,0.1978,2.6736,4.0369,shale,2,0
1318,11333.5,8.697,117.3019,64.416,112.8258,0.1914,2.6867,3.9958,shale,2,0
1319,11334.0,8.6858,118.0058,64.416,112.8258,0.2002,2.6901,4.0196,shale,2,0
1320,11334.5,8.6745,114.9551,64.416,112.8258,0.1903,2.696,4.0301,shale,2,0
1321,11335.0,8.6745,117.2889,64.416,112.8258,0.1823,2.6848,4.1006,shale,2,0
1322,11335.5,8.6745,116.8402,64.416,112.8258,0.1683,2.6775,4.1517,shale,2,0
1323,11336.0,8.6745,122.1501,64.416,112.8258,0.1686,2.6619,4.2282,shale,2,0
1324,11336.5,8.6633,121.6858,64.416,112.8258,0.1667,2.6603,4.2381,shale,2,0
1325,11337.0,8.652,125.4552,64.416,112.8258,0.1622,2.6678,4.2351,shale,2,0
1326,11337.5,8.6633,122.1341,64.416,112.8258,0.147,2.6786,4.2813,shale,2,0
1327,11338.0,8.6745,120.1601,64.416,112.8258,0.1327,2.6811,4.4121,shale,2,0
1328,11338.5,8.6296,116.5841,64.416,112.8258,0.1197,2.6815,4.509,shale,2,0
1329,11339.0,8.6408,114.7753,64.416,112.8258,0.1179,2.6794,4.5166,shale,2,0
1330,11339.5,8.6296,113.6986,64.416,112.8258,0.1089,2.6783,4.4063,shale,2,0
1331,11340.0,8.6689,114.5351,64.416,112.8258,0.1023,2.6664,4.2669,shale,2,0
1332,11340.5,8.6745,115.8951,64.416,112.8258,0.1007,2.6587,4.1099,shale,2,0
1333,11341.0,8.682,116.8876,64.416,112.8258,0.1098,2.6598,4.0291,shale,2,0
1334,11341.5,8.6745,117.5623,64.416,112.8258,0.1135,2.6698,4.04,shale,2,0
1335,11342.0,8.6595,118.6583,64.416,112.8258,0.1115,2.6925,4.0156,shale,2,0
1336,11342.5,8.6577,119.5085,64.416,112.8258,0.1099,2.6995,3.9723,shale,2,0
1337,11343.0,8.6445,118.3764,64.416,112.8258,0.1137,2.6976,3.9102,shale,2,0
1338,11343.5,8.667,118.8809,64.416,112.8258,0.1165,2.6811,3.9203,shale,2,0
1339,11344.0,8.6221,116.8027,64.416,112.8258,0.1138,2.6732,3.9199,shale,2,0
1340,11344.5,8.6445,119.7294,64.416,112.8258,0.1081,2.6729,3.8816,shale,2,0
1341,11345.0,8.637,122.1662,64.416,112.8258,0.1065,2.6725,3.8381,shale,2,0
1342,11345.5,8.6633,125.2039,64.416,112.8258,0.1149,2.6575,3.8706,shale,2,0
